date,open,high,low,close,volume,SMA_7,SMA_20,SMA_50,EMA_12,EMA_26,MACD,MACD_signal,MACD_histogram,RSI_14,BB_middle,BB_upper,BB_lower,ATR_14
2025-07-28 05:30:00,3872.11,3941.0,3754.0,3799.0,620994.7463,,,,3799.0,3799.0,0.0,0.0,0.0,,,,,
2025-07-29 05:30:00,3799.0,3886.44,3716.04,3793.79,584210.4393,,,,3798.1984615384617,3798.614074074074,-0.4156125356121265,-0.0831225071224253,-0.3324900284897012,,,,,
2025-07-30 05:30:00,3793.79,3834.03,3677.65,3810.0,525424.9003,,,,3800.014082840237,3799.4574759945126,0.5566068457242181,0.044823363446903394,0.5117834822773147,,,,,
2025-07-31 05:30:00,3810.0,3878.67,3684.33,3698.39,516088.4503,,,,3784.3796085571234,3791.970996291215,-7.591387734091768,-1.482418856060831,-6.108968878030937,,,,,
2025-08-01 05:30:00,3698.39,3724.02,3431.75,3488.2,783869.1517,,,,3738.8135149329505,3769.4694410103843,-30.655926077433833,-7.317120300335431,-23.3388057770984,,,,,
2025-08-02 05:30:00,3488.21,3537.69,3368.29,3393.94,494195.7094,,,,3685.756051097112,3741.6524453799857,-55.89639428287364,-17.032975096843074,-38.86341918603057,,,,,
2025-08-03 05:30:00,3393.94,3521.79,3354.28,3496.74,296347.6758,3640.008571428571,,,3656.676658620633,3723.510782759246,-66.83412413861288,-26.993204905197036,-39.840919233415846,,,,,
2025-08-04 05:30:00,3496.75,3736.73,3490.73,3720.99,463349.9861,3628.8642857142854,,,3666.5710188328435,3723.324058110413,-56.753039277569314,-32.9451717796715,-23.807867497897817,,,,,
2025-08-05 05:30:00,3720.99,3722.24,3546.0,3612.0,489070.9589,3602.8942857142856,,,3658.1754774739443,3715.0778315837156,-56.902354109771295,-37.73660824569146,-19.165745864079838,,,,,
2025-08-06 05:30:00,3612.01,3698.6,3564.19,3683.31,365309.9205,3584.7957142857144,,,3662.0423270933375,3712.7246588738108,-50.682331780473305,-40.32575295264783,-10.356578827825473,,,,,
2025-08-07 05:30:00,3683.31,3927.77,3647.63,3910.31,631678.9872,3615.0699999999997,,,3700.2373536943624,3727.3606100683432,-27.123256373980894,-37.68525363691445,10.56199726293356,,,,,
2025-08-08 05:30:00,3910.3,4071.0,3880.0,4009.5,723300.0109,3689.5414285714282,,,3747.816222356768,3748.259824137355,-0.44360178058695965,-30.236923265648954,29.793321485061995,,,,,
2025-08-09 05:30:00,4009.51,4326.2,4006.63,4260.62,691932.1048,3813.3528571428574,,,3826.7091112249573,3786.2124297568103,40.49668146814702,-16.09020231888976,56.586883787036776,,,,,
2025-08-10 05:30:00,4260.63,4332.6,4153.07,4250.57,494843.8105,3921.0428571428574,,,3891.9184787288095,3820.6092868118612,71.3091919169483,1.3896765282778514,69.91951538867045,64.73609669819017,,,,204.585
2025-08-11 05:30:00,4250.58,4366.46,4166.77,4223.22,722664.04,3992.79,,,3942.887943539762,3850.4323026035754,92.45564093618668,19.60286940985962,72.85277152632706,63.60080536568477,,,,205.49142857142854
2025-08-12 05:30:00,4223.22,4639.7,4219.04,4590.52,885288.0652,4132.578571428571,,,4042.523644533645,3905.2536135218293,137.27003101181572,43.13630173025084,94.13372928156488,70.73057768665146,,,,223.36714285714282
2025-08-13 05:30:00,4590.52,4783.85,4564.33,4749.3,925931.4988,4284.862857142857,,,4151.258468451546,3967.775568075768,183.48290037577772,71.20562145935622,112.2772789164215,72.75215579885672,,,,227.87714285714284
2025-08-14 05:30:00,4749.31,4788.0,4451.33,4546.84,1265449.0453,4375.795714285714,,,4212.117165612846,4010.6692296997853,201.44793591306097,97.25408435009717,104.1938515629638,69.68515811698106,,,,238.0435714285714
2025-08-15 05:30:00,4546.84,4672.67,4368.0,4439.47,880409.2591,4437.22,,,4247.094524749332,4042.4322497220237,204.66227502730817,118.73572248553938,85.92655254176879,73.17649581187297,,,,238.9292857142857
2025-08-16 05:30:00,4439.47,4490.42,4372.54,4421.99,358676.5884,4460.272857142857,3994.935,,4274.0015209417425,4070.547638631503,203.45388231023935,135.6793544504794,67.77452785975996,76.02065352198233,3994.935,4814.403172838176,3175.4668271618243,235.2492857142857
2025-08-17 05:30:00,4422.0,4576.0,4393.98,4472.33,442461.3829,4491.952857142857,4028.6014999999998,,4304.513594643013,4100.309295029169,204.20429961384343,149.3843434831522,54.819956130691224,75.36648656519274,4028.6014999999998,4869.22848496013,3187.9745150398694,236.2857142857143
2025-08-18 05:30:00,4472.34,4481.88,4225.86,4312.99,823188.1269,4504.777142857143,4054.5615000000007,,4305.817657005627,4116.063421323305,189.75423568232145,157.45832192298604,32.295913759335406,65.93042280203221,4054.5615000000007,4896.722523939698,3212.4004760603034,237.00142857142865
2025-08-19 05:30:00,4312.99,4355.0,4067.34,4075.59,831222.7951,4431.215714285715,4067.8410000000003,,4270.398017466299,4113.065390114171,157.33262735212793,157.43318300881444,-0.10055565668650956,61.668571198445505,4067.8410000000003,4902.103627055207,3233.578372944794,244.96000000000006
2025-08-20 05:30:00,4075.58,4378.0,4060.0,4336.16,728324.8933,4372.1957142857145,4099.7295,,4280.515245548408,4129.590916772381,150.9243287760264,156.13141216225685,-5.207083386230437,65.0028725726761,4099.7295,4923.218308922138,3276.2406910778623,258.0735714285715
2025-08-21 05:30:00,4336.16,4340.26,4204.2,4225.3,433836.3992,4326.261428571428,4136.5845,,4272.020592387114,4136.680478492945,135.340113894169,151.9731525086393,-16.63303861447028,57.64683605148549,4136.5845,4909.24489903086,3363.92410096914,247.782142857143
2025-08-22 05:30:00,4225.3,4887.59,4207.39,4832.07,1277976.63526,4382.347142857143,4208.491,,4358.182039712174,4188.190813419394,169.99122629278008,155.57676726546745,14.414459027312631,66.02082432542974,4208.491,4957.460505468752,3459.521494531248,282.7250000000001
2025-08-23 05:30:00,4832.07,4832.07,4659.7,4778.4,512442.0888,4433.262857142857,4272.574,,4422.8309566795315,4231.910012425365,190.9209442541669,162.64560266320734,28.275341590959556,60.9248271962325,4272.574,4983.483267299725,3561.664732700274,272.2107142857144
2025-08-24 05:30:00,4778.4,4956.78,4711.0,4780.15,780668.77842,4477.237142857143,4325.532,,4477.803117190373,4272.520381875337,205.282735315036,171.1730291935731,34.10970612146292,61.21307337895522,4325.532,5021.068056278292,3629.995943721708,276.9428571428572
2025-08-25 05:30:00,4780.15,4797.97,4334.13,4376.18,1043917.1659,4486.2642857142855,4363.741,,4462.168791468777,4280.198872106794,181.96991936198356,173.3324072272552,8.637512134728354,52.79321855620404,4363.741,4972.821096328192,3754.6609036718082,295.81071428571437
2025-08-26 05:30:00,4376.17,4633.46,4311.04,4600.63,834750.2767,4561.2699999999995,4409.607,,4483.470515858196,4303.934511209994,179.53600464820283,174.57312671144473,4.962877936758105,50.194781925162125,4409.607,4935.405526798202,3883.8084732017983,288.7935714285715
2025-08-27 05:30:00,4600.63,4663.93,4481.53,4506.71,606669.3611,4585.634285714285,4439.427000000001,,4487.045821110782,4318.954917787031,168.09090332375035,173.27668203390587,-5.1857787101555175,45.20639437232003,4439.427000000001,4910.8305664336,3968.023433566401,286.14214285714297
2025-08-28 05:30:00,4506.71,4633.97,4430.0,4511.21,485243.4027,4626.478571428571,4464.5125,,4490.763387093739,4333.196034987992,157.56735210574698,170.1348160482741,-12.567463942527127,49.23619120301493,4464.5125,4890.826248849244,4038.198751150756,276.6635714285716
2025-08-29 05:30:00,4511.2,4516.75,4265.0,4360.18,679063.8777,4559.065714285714,4469.490500000001,,4470.673635233164,4335.1948472111035,135.47878802206014,163.20361044303132,-27.72482242097118,48.33147450600787,4469.490500000001,4888.034019335681,4050.9469806643215,272.88357142857154
2025-08-30 05:30:00,4360.18,4415.61,4257.2,4373.7,340319.1826,4501.251428571429,4475.647,,4455.754614428061,4338.047080751022,117.70753367703946,154.10439508983296,-36.3968614127935,48.98212125172316,4475.647,4884.133372437772,4067.160627562228,275.7785714285715
2025-08-31 05:30:00,4373.7,4498.47,4372.63,4391.83,356586.1861,4445.777142857143,4484.0775,,4445.920058362206,4342.0310006953905,103.88905766681546,144.06132760522945,-40.17226993841399,48.27982631587944,4484.0775,4877.3029571656825,4090.8520428343186,271.76571428571435
2025-09-01 05:30:00,4391.83,4491.84,4210.61,4314.5,513830.0395,4436.965714285715,4470.2765,,4425.701587844944,4339.991667310546,85.7099205343975,132.39104619106305,-46.68112565666556,50.033438594781806,4470.2765,4867.130418889427,4073.4225811105725,273.5664285714287
2025-09-02 05:30:00,4314.5,4416.78,4257.85,4326.5,524605.0512,4397.8042857142855,4449.1365000000005,,4410.439805099568,4338.992284546802,71.44752055276604,120.20234106340367,-48.75482051063763,56.17253883206149,4449.1365000000005,4828.046705403535,4070.226294596466,264.3714285714286
2025-09-03 05:30:00,4326.49,4490.64,4283.23,4450.46,487091.6861,4389.768571428572,4444.317499999999,,4416.596758161173,4347.24915235815,69.34760580302282,110.0313940113275,-40.68378820830469,53.01446309326639,4444.317499999999,4820.4369674078425,4068.198032592156,256.47214285714296
2025-09-04 05:30:00,4450.46,4482.05,4265.33,4297.55,471795.7096,4359.245714285715,4437.2215,,4398.281872290224,4343.567733664954,54.7141386252697,98.96794293411595,-44.253804308846256,51.864121656836495,4437.2215,4819.0379182334655,4055.4050817665334,262.2335714285715
2025-09-05 05:30:00,4297.56,4490.0,4256.03,4307.45,624169.8754,4351.7128571428575,4431.4945,,4384.3077380917275,4340.892345986069,43.41539210565861,87.85743276842449,-44.442040662765876,30.43980791027856,4431.4945,4817.6838767502395,4045.30512324976,230.36000000000013
2025-09-06 05:30:00,4307.46,4329.3,4236.0,4273.14,191166.0686,4337.347142857143,4421.535,,4367.205009154539,4335.8736536908045,31.331355463734326,76.55221730748646,-45.22086184375213,30.88569093880514,4421.535,4813.520604381216,4029.5493956187843,224.712142857143
2025-09-07 05:30:00,4273.15,4336.02,4270.81,4306.19,169620.8372,4325.112857142857,4421.195,,4357.818084669225,4333.674864528522,24.143220140702397,66.07041787412965,-41.92719773342725,32.48458957264701,4421.195,4813.588607893644,4028.8013921063553,211.8142857142859
2025-09-08 05:30:00,4306.19,4384.06,4279.0,4306.37,372882.4355,4323.9514285714295,4432.7339999999995,,4349.902994720113,4331.652281970853,18.250712749259947,56.50647684915571,-38.255764099895764,46.32265405240255,4432.7339999999995,4794.731245084023,4070.736754915976,186.18714285714304
2025-09-09 05:30:00,4306.36,4381.87,4276.76,4310.09,405485.7821,4321.607142857143,4431.4305,,4343.777918609327,4330.055075898938,13.72284271038825,47.949750021402224,-34.226907311013974,30.057930428575304,4431.4305,4795.0759481743125,4067.7850518256882,170.66500000000016
2025-09-10 05:30:00,4310.08,4453.57,4285.1,4349.32,506633.9098,4307.158571428571,4437.6314999999995,,4344.630546515584,4331.482107313832,13.148439201751899,40.989487857472156,-27.841048655720257,38.32019828724929,4437.6314999999995,4790.548326359087,4084.714673640912,169.67000000000007
2025-09-11 05:30:00,4349.33,4481.09,4338.82,4458.82,441259.6649,4330.197142857142,4418.969,,4362.1981547439555,4340.914543809104,21.283610934851822,37.04831247294809,-15.764701538096269,46.636362469021634,4418.969,4719.675292857685,4118.262707142315,165.26285714285723
2025-09-12 05:30:00,4458.83,4748.4,4450.71,4712.16,510777.5402,4388.012857142857,4415.657,,4416.038438629501,4368.414207230651,47.62423139884959,39.16349625812839,8.460735140721198,69.97434966177875,4415.657,4700.748392925149,4130.565607074851,168.54428571428576
2025-09-13 05:30:00,4712.16,4769.36,4605.0,4666.53,394393.6869,4444.211428571429,4409.976,,4454.5756019172695,4390.496858546899,64.07874337037083,44.14654568057688,19.932197689793952,66.0333555996014,4409.976,4667.699995933637,4152.252004066362,168.96928571428575
2025-09-14 05:30:00,4666.54,4692.36,4576.89,4604.49,278244.3205,4486.825714285714,4421.3915,,4477.639355468459,4406.34820235824,71.29115311021906,49.57546716650531,21.715685943713744,61.10960192247415,4421.3915,4692.680869553312,4150.102130446688,168.22857142857143
2025-09-15 05:30:00,4604.48,4670.28,4466.0,4523.74,412291.9687,4517.878571428571,4417.5470000000005,4260.7888,4484.731762319465,4415.043891072444,69.68787124702067,53.59794798260839,16.089923264412278,60.89201682422022,4417.5470000000005,4680.182750009704,4154.911249990297,162.7321428571428
2025-09-16 05:30:00,4523.74,4538.25,4424.0,4501.29,293307.1099,4545.192857142857,4417.276,4274.8346,4487.279183501086,4421.432491733744,65.84669176734133,56.04769673955498,9.798995027786347,59.000793021411596,4417.276,4679.535286034986,4155.016713965014,159.54071428571427
2025-09-17 05:30:00,4501.3,4616.77,4412.0,4590.53,476981.4561,4579.651428571428,4421.242,4290.7694,4503.163924500919,4433.958233086801,69.20569141411852,58.679295674467696,10.526395739650823,57.4803738317757,4421.242,4691.7516364934,4150.7323635066,159.3521428571428
2025-09-18 05:30:00,4590.54,4644.47,4553.7,4587.66,290660.377,4598.057142857143,4432.616,4306.3225999999995,4516.163320731547,4445.343549154445,70.81977157710207,61.10739085499458,9.712380722107497,68.44990524160214,4432.616,4711.320701933789,4153.911298066211,150.35571428571424
2025-09-19 05:30:00,4587.66,4620.72,4435.7,4468.59,331611.1482,4563.261428571428,4437.3605,4321.7266,4508.844348311309,4447.065508476338,61.77883983497031,61.24168065098973,0.5371591839805845,58.99841408117228,4437.3605,4715.0711804590965,4159.649819540903,146.8592857142857
2025-09-20 05:30:00,4468.59,4508.71,4454.45,4480.42,130781.913,4536.674285714285,4441.789999999999,4341.571,4504.471371648031,4449.536211552165,54.935160095866195,59.98037653996503,-5.045216444098834,61.873066788864705,4441.789999999999,4719.268871419451,4164.311128580547,144.07071428571427
2025-09-21 05:30:00,4480.41,4498.16,4443.0,4444.97,149349.8262,4513.885714285714,4448.313499999999,4362.5916,4495.317314471411,4449.197973659411,46.11934081199979,57.208169394371986,-11.088828582372194,57.92756769107739,4448.313499999999,4719.249591378725,4177.377408621273,143.35285714285712
2025-09-22 05:30:00,4444.98,4455.76,4077.0,4199.08,708243.2348,4467.505714285714,4441.942499999999,4376.6384,4449.742343014271,4430.6707163513065,19.071626662964263,49.580860848090445,-30.509234185126182,45.21458327758003,4441.942499999999,4730.367352048067,4153.517647951931,162.9028571428571
2025-09-23 05:30:00,4199.09,4229.03,4114.39,4164.26,315227.9057,4419.358571428571,4427.6325,4385.5038,4405.821982550537,4410.936589214172,-5.114606663635641,38.64176734574523,-43.75637400938087,43.67117723134076,4427.6325,4741.550609863069,4113.71439013693,163.58357142857136
2025-09-24 05:30:00,4164.25,4206.9,4073.74,4152.81,353665.5671,4356.827142857143,4420.3955000000005,4396.32,4366.897062158147,4391.816101124234,-24.9190389660871,25.929606083378765,-50.848645049465865,41.26101767274735,4420.3955000000005,4753.05471234327,4087.7362876567313,161.06142857142854
2025-09-25 05:30:00,4152.81,4161.04,3815.0,3874.36,930327.6951,4254.927142857143,4398.741,4400.1410000000005,4291.122129518431,4353.486019559476,-62.363890041044215,8.27090685849417,-70.63479689953839,27.403965111963387,4398.741,4809.559170504718,3987.9228294952813,175.61642857142851
2025-09-26 05:30:00,3874.35,4068.3,3867.65,4032.24,575711.0859,4192.591428571429,4386.696,4402.5796,4251.294109592519,4329.690018110626,-78.39590851810681,-9.062456216826025,-69.33345230128079,21.618440166302094,4386.696,4826.147975720001,3947.244024279999,168.68499999999997
2025-09-27 05:30:00,4032.24,4039.01,3972.98,4018.38,172693.2638,4126.585714285715,4372.3055,4402.7572,4215.461169655208,4306.630016769098,-91.16884711388957,-25.483734396238734,-65.68511271765084,22.207452510612725,4372.3055,4840.750725713408,3903.8602742865924,161.6614285714286
2025-09-28 05:30:00,4018.39,4144.88,3966.0,4142.16,240331.8589,4083.327142857143,4364.095,4400.388,4204.18406663133,4294.44705256398,-90.26298593264983,-38.43958470352095,-51.823401229128876,31.17226887334151,4364.095,4843.044646820494,3885.145353179507,166.19071428571436
2025-09-29 05:30:00,4142.16,4235.86,4082.25,4215.07,380728.6784,4085.6114285714284,4359.343999999999,4399.678000000001,4205.858825611125,4288.567270892574,-82.7084452814488,-47.29335681910652,-35.41508846234228,37.349071683265684,4359.343999999999,4842.416643655612,3876.2713563443863,162.57142857142864
2025-09-30 05:30:00,4215.07,4245.0,4092.1,4145.15,391126.6172,4082.8814285714284,4349.1355,4398.1166,4196.519006286337,4277.943769344976,-81.42476305863966,-54.11963806701315,-27.305124991626506,35.95019804011295,4349.1355,4841.637259568325,3856.6337404316755,165.33214285714294
2025-10-01 05:30:00,4145.15,4355.46,4123.08,4348.03,507026.3822,4110.7699999999995,4343.596,4393.2668,4219.828389934592,4283.13534198609,-63.30695205149732,-55.957100863909986,-7.349851187587333,41.22051178080604,4343.596,4833.388057161964,3853.8039428380353,167.30428571428575
2025-10-02 05:30:00,4348.03,4516.74,4332.73,4484.35,526411.1571,4197.911428571429,4332.2055,4387.9678,4260.524022252348,4298.040131468601,-37.516109216253426,-52.268902534378675,14.75279331812525,46.589325920594796,4332.2055,4795.803471953015,3868.607528046985,173.96428571428575
2025-10-03 05:30:00,4484.35,4591.59,4428.0,4512.87,485684.0267,4266.572857142857,4324.522500000001,4387.2884,4299.346480367371,4313.95345506352,-14.606974696148427,-44.73651696673263,30.129542270584203,51.55481895558863,4324.522500000001,4769.511168945037,3879.5338310549646,172.43357142857144
2025-10-04 05:30:00,4512.88,4517.93,4440.0,4487.15,199732.7088,4333.54,4318.6555,4388.242,4328.239329541622,4326.782828762519,1.4565007791034077,-35.49791341756543,36.954414196668836,50.23402997531035,4318.6555,4751.017024529745,3886.2939754702547,174.12428571428572
2025-10-05 05:30:00,4487.16,4618.17,4467.05,4514.32,506587.9614,4386.705714285714,4318.1845,4390.0886,4356.867124996757,4340.674471076406,16.192653920351404,-25.159799949982062,41.35245387033346,52.42555453737836,4318.1845,4749.624884390659,3886.744115609342,180.97857142857146
2025-10-06 05:30:00,4514.32,4735.93,4488.25,4684.01,456200.6528,4453.697142857142,4327.3205,4394.3222,4407.196798074179,4366.106732478154,41.09006559602494,-11.909826840780662,52.9998924368056,67.91564760560675,4327.3205,4782.188940782608,3872.4520592173913,171.61571428571432
2025-10-07 05:30:00,4684.02,4755.0,4430.43,4447.7,640685.9319,4496.918571428571,4320.179,4397.0164,4413.428059908921,4372.150678220513,41.27738168840733,-1.2723851349430628,42.549766823350396,59.114646977862954,4320.179,4761.9439125186755,3878.4140874813247,186.61071428571432
2025-10-08 05:30:00,4447.7,4558.0,4410.08,4525.72,399904.3287,4522.302857142857,4317.082,4406.019,4430.703742999856,4383.526183537512,47.17755946234411,8.417603784514371,38.75995567782974,61.49941718113023,4317.082,4751.763085593373,3882.4009144066276,187.66500000000005
2025-10-09 05:30:00,4525.72,4531.52,4265.06,4368.09,515978.1829,4505.694285714286,4312.057,4406.6576000000005,4421.070859461417,4382.382762534733,38.68809692668401,14.4717024129483,24.21639451373571,66.45097660284817,4312.057,4741.657413804565,3882.4565861954343,181.98071428571436
2025-10-10 05:30:00,4368.09,4393.63,3435.0,3829.72,1493971.0244,4408.101428571428,4279.522,4398.746,4330.09380415966,4341.444780124753,-11.350975965093312,9.30716673733998,-20.65814270243329,44.61697942693105,4279.522,4751.867949517156,3807.176050482844,236.12214285714293
2025-10-11 05:30:00,3829.72,3878.3,3643.33,3746.79,789885.6582,4302.335714285714,4244.613,4377.0404,4240.354757365866,4297.39627789329,-57.04152052742393,-3.9625707156128023,-53.07894981181113,43.03676089776789,4244.613,4766.115562666157,3723.110437333844,248.18928571428577
2025-10-12 05:30:00,3746.8,4197.7,3694.74,4152.29,811308.152,4250.617142857142,4242.2735,4364.5181999999995,4226.806333155733,4286.64766471601,-59.84133156027656,-15.138322884545556,-44.703008675731,50.22693770750351,4242.2735,4765.054363954336,3719.4926360456643,271.3378571428572
2025-10-13 05:30:00,4152.29,4292.0,4042.29,4240.85,622813.9247,4187.308571428571,4246.103,4353.7321999999995,4228.966897285621,4283.255245107416,-54.28834782179547,-22.96832787199554,-31.320019949799928,50.57351593297562,4246.103,4767.59818227981,3724.60781772019,278.202142857143
2025-10-14 05:30:00,4240.86,4263.38,3888.74,4125.02,962996.7658,4141.211428571429,4244.7135,4348.709,4212.975066933986,4271.534115840201,-58.55904890621423,-30.08647207883928,-28.47257682737495,49.56114151169637,4244.7135,4767.402038485598,3722.024961514402,294.0407142857144
2025-10-15 05:30:00,4125.01,4217.6,3926.74,3985.61,626081.6966,4064.052857142857,4250.276,4336.4086,4177.9958258672195,4250.354551703889,-72.35872583666969,-38.540922830405364,-33.81780300626433,41.873918151732326,4250.276,4758.538218871943,3742.0137811280565,298.21785714285727
2025-10-16 05:30:00,3985.61,4086.49,3826.04,3894.51,643804.6163,3996.3985714285714,4243.3895,4324.1646,4134.3826218876475,4223.99569602212,-89.6130741344723,-48.75535309121875,-40.85772104325355,36.50103443856534,4243.3895,4767.57328992487,3719.205710075131,303.67785714285725
2025-10-17 05:30:00,3894.5,3950.45,3674.5,3831.57,830127.0885,3996.662857142857,4234.049,4310.5718,4087.7960646741635,4194.927125946407,-107.13106127224319,-60.43049472742365,-46.70056654481954,34.649735487882936,4234.049,4781.266303777653,3686.831696222347,311.70357142857154
2025-10-18 05:30:00,3831.58,3927.73,3819.07,3889.21,250710.6121,4017.0085714285715,4221.4015,4301.1524,4057.2443624166,4172.281412913339,-115.03705049673954,-71.35180588128682,-43.68524461545272,36.718937408378146,4221.4015,4788.878530530751,3653.9244694692484,313.8985714285715
2025-10-19 05:30:00,3889.2,4030.94,3827.04,3982.58,408538.2545,3992.764285714286,4209.777,4293.33,4045.7575374294306,4158.22945640124,-112.47191897180937,-79.57582849939133,-32.89609047241804,38.526733698701086,4209.777,4787.23720994296,3632.3167900570397,317.66857142857145
2025-10-20 05:30:00,3982.58,4085.3,3908.73,3979.22,511382.3301,3955.388571428571,4201.4805,4285.0778,4035.5209932095186,4144.969496667814,-109.44850345829582,-85.55036349117223,-23.898139967123583,33.61692631696398,4201.4805,4787.553899336186,3615.4071006638133,312.5892857142858
2025-10-21 05:30:00,3979.22,4110.0,3840.24,3873.05,590594.1382,3919.3928571428573,4177.7315,4276.2488,4010.525455792669,4124.8273117294575,-114.30185593678834,-91.30066198029546,-23.001193956492884,35.78183221745522,4177.7315,4777.143348056514,3578.3196519434864,308.6742857142858
2025-10-22 05:30:00,3873.04,3889.27,3710.0,3805.53,593130.0905,3893.667142857143,4143.7905,4265.8294,3978.9876933630276,4101.175659008757,-122.18796564572949,-97.47812271338226,-24.70984293234723,32.087766685071614,4143.7905,4746.962536119746,3540.6184638802542,310.9135714285715
2025-10-23 05:30:00,3805.53,3934.86,3796.54,3856.8,477231.0181,3888.2799999999997,4110.986999999999,4253.9562,3960.189586691793,4083.0737583414416,-122.88417164964858,-102.55933250063552,-20.32483914901306,36.57305524771924,4110.986999999999,4700.857793527564,3521.116206472434,301.7607142857144
2025-10-24 05:30:00,3856.8,4026.39,3845.86,3934.88,425926.9383,3903.0385714285717,4083.3735,4246.7028,3956.295804123825,4072.0964429087426,-115.80063878491774,-105.20759375749196,-10.593045027425774,53.64208134766709,4083.3735,4650.362935018063,3516.3840649819376,246.18214285714294
2025-10-25 05:30:00,3934.88,3969.22,3912.4,3953.82,138526.3338,3912.2685714285717,4055.3485,4239.6302000000005,3955.9149111816982,4063.3352249155023,-107.42031373380405,-105.65013775275439,-1.7701759810496611,57.50277236190739,4055.3485,4586.955211227483,3523.7417887725164,233.45714285714288
2025-10-26 05:30:00,3953.81,4178.78,3919.03,4158.46,344698.0918,3937.394285714286,4029.071,4237.3366,3987.0756940768215,4070.381504551391,-83.30581047456963,-101.18127229711743,17.875461822547805,50.26170016032846,4029.071,4474.866235737565,3583.275764262435,216.085
2025-10-27 05:30:00,4158.46,4253.72,4095.0,4120.15,487131.2291,3957.527142857143,4012.6935,4233.6158,4007.548664218849,4074.0680597698065,-66.5193955509576,-94.24889694788547,27.729501396927873,44.652572258944836,4012.6935,4415.7513664096905,3609.6356335903097,209.58571428571432
2025-10-28 05:30:00,4120.16,4175.55,3931.33,3979.2,472965.8377,3972.691428571429,3985.3675000000003,4227.0724,4003.187331262103,4067.040796083154,-63.85346482105115,-88.1698105225186,24.316345701467455,43.68033284215998,3985.3675000000003,4308.071772890986,3662.663227109015,200.27
2025-10-29 05:30:00,3979.19,4036.66,3840.37,3902.99,486452.3127,3986.6142857142854,3962.1125,4218.9304,3987.772357221779,4054.8888852621794,-67.11652804040023,-83.95915402609492,16.842625985694696,46.2118294360385,3962.1125,4231.282517402412,3692.9424825975884,193.51499999999996
2025-10-30 05:30:00,3903.0,3948.74,3680.0,3805.09,531455.9923,3979.227142857143,3960.8810000000003,4208.0458,3959.667379187659,4036.3852641316475,-76.71788494398834,-82.51090020967361,5.79301526568527,45.92545338558279,3960.8810000000003,4232.812619260574,3688.9493807394265,194.10714285714283
2025-10-31 05:30:00,3804.95,3906.09,3796.36,3847.99,478636.2995,3966.8142857142857,3965.941,4195.8292,3942.486243928019,4022.4300593811554,-79.94381545313627,-81.99748325836615,2.0536678052298782,50.76211870857544,3965.941,4224.538299607331,3707.343700392668,182.2342857142857
2025-11-01 05:30:00,3848.0,3909.39,3831.0,3873.77,152998.1626,3955.378571428572,3952.0150000000003,4179.0614000000005,3931.9145140929395,4011.4182031306996,-79.50368903776007,-81.49872441424493,1.9950353764848643,49.26152668834896,3952.0150000000003,4198.051176158997,3705.9788238410038,180.07214285714284
2025-11-02 05:30:00,3873.78,3918.23,3839.12,3906.58,216083.1542,3919.3957142857143,3935.3015,4163.8624,3928.0168965401795,4003.6524103062034,-75.6355137660239,-80.32608228460073,4.690568518576825,46.14150521912189,3935.3015,4140.798284584893,3729.8047154151072,171.1585714285714
2025-11-03 05:30:00,3906.58,3914.29,3558.82,3603.83,877187.3852,3845.6357142857146,3909.2420000000006,4143.8492,3878.141989380152,3974.0359354687066,-95.89394608855446,-83.43965504539148,-12.454291043162982,35.384627364257184,3909.2420000000006,4143.599219699449,3674.8847803005524,183.93714285714282
2025-11-04 05:30:00,3603.84,3654.54,3057.0,3287.05,1568004.2379,3746.7571428571428,3874.314,4119.1154,3787.2047602447437,3923.1480883969507,-135.94332815220696,-93.94038966675457,-42.00293848545239,30.39924005244707,3874.314,4234.95005076527,3513.6779492347296,207.34999999999994
2025-11-05 05:30:00,3287.05,3480.46,3166.66,3424.29,809591.5132,3678.371428571429,3850.803,4097.5754,3731.3717202070907,3886.195637404584,-154.8239171974933,-106.11709517290232,-48.70682202459098,37.816382880809925,3850.803,4263.454399972105,3438.1516000278943,216.95928571428567
2025-11-06 05:30:00,3424.29,3456.46,3245.45,3315.14,566363.7003,3608.378571428572,3824.9815000000003,4072.0675999999994,3667.3360709444614,3843.895219819059,-176.55914887459767,-120.20550591324141,-56.35364296135626,33.30724094573603,3824.9815000000003,4302.268909618137,3347.694090381864,222.15142857142854
2025-11-07 05:30:00,3315.14,3473.0,3194.2,3436.05,683417.3854,3549.5299999999997,3802.3235,4049.0354,3631.7535984914675,3813.684462795425,-181.9308643039576,-132.55057759138467,-49.38028671257294,35.02254889597482,3802.3235,4308.899259649236,3295.7477403507637,229.17071428571427
2025-11-08 05:30:00,3436.04,3488.0,3355.58,3401.51,291532.2881,3482.0642857142852,3773.2699999999995,4027.6938,3596.3315064158573,3783.1530211068753,-186.8215146910179,-143.40476501131133,-43.416749679706584,33.57071040592075,3773.2699999999995,4302.463465767025,3244.076534232974,234.5707142857143
2025-11-09 05:30:00,3401.51,3623.25,3358.66,3583.46,464098.052,3435.904285714286,3753.482,4009.7546,3594.3512746595716,3768.3609454693287,-174.00967080975715,-149.5257461710005,-24.483924638756662,32.661713444861235,3753.482,4279.839558023451,3227.1244419765494,234.91642857142864
2025-11-10 05:30:00,3583.46,3658.98,3507.3,3567.85,595273.0298,3430.7642857142855,3738.222,3992.2122000000004,3590.274155481176,3753.508282841971,-163.2341273607949,-152.26742240895936,-10.966704951835538,33.11504879301489,3738.222,4267.671307850286,3208.772692149714,234.41357142857146
2025-11-11 05:30:00,3567.85,3648.27,3405.24,3417.76,660283.2747,3449.437142857143,3718.8335000000006,3976.5857999999994,3563.73351617638,3728.6380396684917,-164.90452349211182,-154.79484262558987,-10.109680866521956,32.93101141905122,3718.8335000000006,4266.008244233831,3171.658755766171,234.32857142857145
2025-11-12 05:30:00,3417.76,3588.19,3371.65,3414.92,553101.9368,3448.098571428571,3696.7395000000006,3961.599,3540.839129072321,3705.3996663597145,-164.56053728739334,-156.74798155795057,-7.812555729442778,34.46873508353222,3696.7395000000006,4256.009083257333,3137.4699167426684,235.77500000000003
2025-11-13 05:30:00,3414.91,3565.84,3154.22,3231.54,951989.1347,3436.155714285714,3661.5724999999998,3943.1736000000005,3493.254647676579,3670.298950333069,-177.0443026564899,-160.80724577765844,-16.237056878831453,32.69029956601257,3661.5724999999998,4245.692537478768,3077.452462521231,245.98071428571436
2025-11-14 05:30:00,3231.55,3256.71,3070.0,3112.4,890446.1491,3389.9200000000005,3619.5015,3927.9344,3434.6616249571057,3628.9731021602493,-194.31147720314357,-167.50809206275548,-26.803385140388087,28.77660894302845,3619.5015,4235.338882680121,3003.6641173198786,251.4792857142858
2025-11-15 05:30:00,3112.4,3230.0,3110.68,3167.88,338463.4782,3356.5442857142853,3569.9725,3910.6472000000003,3393.618298040628,3594.8180575557867,-201.1997595151588,-174.24642555323615,-26.953333961922652,29.976683100069778,3569.9725,4162.182947440671,2977.7620525593284,254.40285714285724
2025-11-16 05:30:00,3167.87,3249.0,3004.0,3095.29,570633.5809,3286.805714285714,3518.7295,3892.1854,3347.7216368036084,3557.815979218321,-210.09434241471263,-181.41600892553146,-28.67833348918117,27.494798746151062,3518.7295,4087.384248663791,2950.074751336209,266.2521428571429
2025-11-17 05:30:00,3095.29,3223.38,2959.46,3031.44,762500.4289,3210.175714285714,3471.3415,3869.9709999999995,3299.062923449207,3518.8251659428897,-219.7622424936826,-189.0852556391617,-30.67698685452092,31.695820408685364,3471.3415,4036.376121138605,2906.306878861395,259.7128571428572
2025-11-18 05:30:00,3031.44,3169.95,2946.56,3123.66,766640.1058,3168.161428571428,3432.375,3848.1427999999996,3272.077858303175,3489.553672169342,-217.47581386616685,-194.76336728456272,-22.712446581604127,43.89875951276707,3432.375,3979.2703176267723,2885.4796823732277,232.98785714285722
2025-11-19 05:30:00,3123.65,3125.54,2873.64,3025.48,737926.7146,3112.527142857143,3393.3945,3825.7494,3234.139726256533,3455.1778446012427,-221.0381183447098,-200.01831749659215,-21.019800848117654,34.66032786380805,3393.3945,3939.5690050410394,2847.2199949589603,228.56642857142865
2025-11-20 05:30:00,3025.48,3063.61,2790.01,2834.22,912524.3718,3055.7671428571425,3342.7060000000006,3795.4732,3172.6136145247588,3409.180967223373,-236.5673526986143,-207.3281245369966,-29.23922816161769,32.60108245781598,3342.7060000000006,3899.3101538661335,2786.1018461338676,233.03714285714292
2025-11-21 05:30:00,2834.21,2886.73,2623.57,2765.85,1180475.4085,3006.2599999999998,3287.31,3761.1032,3110.034596905565,3361.5268215031233,-251.4922245975581,-216.16094454910893,-35.33128004844917,24.795035727717178,3287.31,3841.898213437854,2732.721786562146,231.92000000000004
2025-11-22 05:30:00,2765.86,2799.01,2704.33,2770.12,264691.3089,2949.437142857143,3230.487,3726.2482,3057.740043535478,3317.7189087991883,-259.9788652637103,-224.9245286920292,-35.05433657168109,25.701376969435728,3230.487,3749.668847752566,2711.3051522474343,229.22428571428577
2025-11-23 05:30:00,2770.12,2858.16,2768.29,2802.16,409808.5734,2907.5614285714287,3190.4035,3692.5484,3018.420036837712,3279.5293599992483,-261.1093231615364,-232.16148758593064,-28.94783557560575,16.010336546827673,3190.4035,3712.0016093069735,2668.8053906930263,216.74428571428575
2025-11-24 05:30:00,2802.16,2987.0,2763.0,2953.38,715279.7551,2896.4100000000003,3173.7200000000003,3661.3295999999996,3008.4138773242175,3255.3701481474523,-246.95627082323472,-235.12044423339145,-11.835826589843265,26.089358953406034,3173.7200000000003,3703.5818690703404,2643.85813092966,221.91000000000005
2025-11-25 05:30:00,2953.38,2980.82,2857.32,2959.36,427686.4528,2872.9385714285713,3150.4735,3626.8366000000005,3000.8671269666456,3233.4434705069,-232.57634354025458,-234.6116240947641,2.0352805545095123,29.909188127837865,3150.4735,3674.814989942112,2626.1320100578882,213.3721428571429
2025-11-26 05:30:00,2959.36,3045.0,2888.69,3026.56,364535.326,2873.0928571428567,3136.0445,3598.4138000000003,3004.819876664085,3218.1187689878707,-213.29889232378582,-230.34907774056848,17.050185416782654,33.88788396754012,3136.0445,3657.179308156784,2614.909691843216,209.07000000000002
2025-11-27 05:30:00,3026.56,3071.37,2985.78,3015.23,274980.3955,2898.9514285714286,3115.0035,3568.204,3006.4214341003794,3203.0899712850655,-196.6685371846861,-223.612969629392,26.94443244470591,39.53132713211309,3115.0035,3618.8310475753237,2611.175952424676,185.78214285714284
2025-11-28 05:30:00,3015.23,3099.0,2994.36,3031.15,346616.0275,2936.8514285714286,3096.4855,3541.4652,3010.2258288541675,3190.3536771158015,-180.12784826163397,-214.91594535584042,34.78809709420645,45.631297652460994,3096.4855,3582.8982654780198,2610.07273452198,179.92
2025-11-29 05:30:00,3031.14,3052.64,2961.91,2989.16,217904.1303,2968.1428571428573,3066.7705,3524.6540000000005,3006.9849321073725,3175.4504417738904,-168.46550966651785,-205.62585821797592,37.16034855145807,40.24901246153509,3066.7705,3497.327672020011,2636.213327979989,177.8778571428571
2025-11-30 05:30:00,2989.17,3053.02,2975.3,2991.26,182722.4253,2995.157142857143,3037.941,3509.5433999999996,3004.5657117831615,3161.806705346195,-157.2409935630335,-195.94888528698746,38.70789172395396,43.85114607591647,3037.941,3398.8028021464656,2677.079197853534,165.92928571428567
2025-12-01 05:30:00,2991.25,2999.47,2716.04,2799.07,849002.9909,2973.112857142857,3007.0065000000004,3482.4790000000003,2972.9509868934447,3134.937319764995,-161.98633287155053,-189.15637480390006,27.170041932349534,38.07466102825706,3007.0065000000004,3335.38654531171,2678.626454688291,167.3228571428571
2025-12-02 05:30:00,2799.07,3033.76,2782.19,2996.07,523707.3586,2978.3571428571427,2986.064,3457.5834000000004,2976.507758140607,3124.6508516342546,-148.14309349364748,-180.95371854184955,32.81062504820207,44.08785505768965,2986.064,3252.4880089860203,2719.6399910139794,169.33571428571423
2025-12-03 05:30:00,2996.07,3214.99,2985.58,3188.36,553669.8146,3001.4714285714285,2983.905,3438.8501999999994,3009.1004107343597,3129.370047809495,-120.2696370751355,-168.81690224850678,48.54726517337127,56.94193460397559,2983.905,3242.539187547574,2725.2708124524265,167.72928571428565
2025-12-04 05:30:00,3188.39,3240.35,3066.37,3133.26,486698.3987,3018.3328571428574,2984.948,3421.8032000000003,3028.2018860059966,3129.658192416199,-101.45630641020261,-155.34478308084596,53.88847667064334,64.4185149469624,2984.948,3245.9216821253776,2723.974317874622,160.61357142857136
2025-12-05 05:30:00,3133.26,3193.33,2983.08,3021.78,530382.8986,3016.9942857142855,2977.643,3404.3486,3027.2139035435357,3121.6672152001843,-94.45331165664857,-143.1664887960065,48.713177139357924,61.847404431030185,2977.643,3224.873860456533,2730.412139543467,156.83428571428567
2025-12-06 05:30:00,3021.77,3069.0,3012.58,3038.06,159721.2488,3023.98,2974.7815,3388.4783999999995,3028.882533767607,3115.4740881483185,-86.59155438071139,-131.85150191294747,45.25994753223608,62.26696699996337,2974.7815,3217.5637723324744,2731.9992276675257,154.1014285714285
2025-12-07 05:30:00,3038.06,3150.0,2907.52,3059.85,391129.675,3033.7785714285715,2976.202,3371.8912,3033.6467593418215,3111.353785322517,-77.70702598069556,-121.02260672649709,43.315580745801526,61.909471563126814,2976.202,3220.7064218822484,2731.697578117752,165.00214285714281
2025-12-08 05:30:00,3059.86,3180.51,3040.87,3124.16,452820.2207,3080.2200000000003,2976.227,3354.7228000000005,3047.5718732892333,3112.3023938171455,-64.73052052791218,-109.76418948678011,45.033668958867935,58.5822545629975,2976.227,3220.794998948035,2731.659001051965,158.97642857142856
2025-12-09 05:30:00,3124.16,3397.85,3090.8,3318.04,603859.9458,3126.2157142857145,2990.8550000000005,3341.4992,3089.1823543216587,3127.542216497357,-38.359862175698254,-95.48332402456374,57.12346184886549,65.16155758077878,2990.8550000000005,3278.9503260732217,2702.759673926779,172.08714285714282
2025-12-10 05:30:00,3318.04,3447.44,3288.1,3324.14,539585.4535,3145.612857142857,3015.351,3330.5209999999997,3125.329684426019,3142.1050152753305,-16.77533084931156,-79.7417253895133,62.96639454020175,63.26397803451719,3015.351,3329.5042120277326,2701.1977879722676,172.3035714285714
2025-12-11 05:30:00,3324.14,3327.37,3145.28,3237.39,504114.2391,3160.488571428571,3038.9280000000003,3319.1582,3142.5697329758623,3149.163162291973,-6.593429316110814,-65.1120661748328,58.51863685872199,59.278471073689836,3038.9280000000003,3344.9108729021405,2732.94512709786,179.19642857142853
2025-12-12 05:30:00,3237.38,3265.5,3045.31,3084.86,435686.4435,3169.5,3054.665,3303.7194,3133.691312518037,3144.39996508516,-10.708652567122954,-54.23138345329084,43.522730886167885,52.01343539837606,3054.665,3333.6179887953676,2775.7120112046323,187.45
2025-12-13 05:30:00,3084.86,3135.68,3078.6,3114.64,136465.7567,3180.4399999999996,3070.289,3287.3146,3130.760341361416,3142.195523227,-11.435181865584127,-45.6721431357495,34.236961270165374,54.74734787148716,3070.289,3323.5108479722885,2817.067152027712,185.04642857142855
2025-12-14 05:30:00,3114.64,3129.54,3024.44,3063.5,279058.3545,3180.9614285714283,3075.795,3269.5082,3120.412596536583,3136.3662252101853,-15.953628673602452,-39.72844024332009,23.774811569717635,52.63530373115816,3075.795,3323.0316226065006,2828.5583773934995,187.00214285714284
2025-12-15 05:30:00,3063.49,3177.5,2894.57,2964.85,520509.9555,3158.2028571428573,3076.0695,3245.636,3096.4798893771085,3123.661319639061,-27.1814302619523,-37.21903824704653,10.037607985094226,56.490587903655204,3076.0695,3322.773425552741,2829.365574447259,186.96642857142857
2025-12-16 05:30:00,2964.85,2981.87,2876.0,2962.3,378293.1159,3107.382857142857,3072.8565,3222.4790000000003,3075.836829472938,3111.708629295427,-35.87179982248881,-36.949590562134986,1.0777907396461757,48.44037205693542,3072.8565,3323.9108111108485,2821.8021888891512,176.55928571428566
2025-12-17 05:30:00,2962.3,3030.92,2791.02,2833.49,497630.4162,3037.29,3063.7695,3199.5647999999997,3038.5527018617167,3091.09984194021,-52.54714007849316,-40.06910046540662,-12.478039613086537,32.589903350831534,3063.7695,3335.879503025045,2791.659496974955,177.3085714285714
2025-12-18 05:30:00,2833.5,2997.4,2775.19,2828.57,595253.7997,2978.887142857143,3053.6405000000004,3178.0764,3006.247670806068,3071.653186981676,-65.40551617560777,-45.13638360744685,-20.26913256816092,34.27763501449992,3053.6405000000004,3345.246270463039,2762.034729536962,180.7535714285714
2025-12-19 05:30:00,2828.56,3020.0,2808.63,2979.5,531702.5439,2963.835714285714,3053.1575000000003,3161.5646,3002.132644528211,3064.827024983033,-62.69438045482184,-48.64798297692185,-14.046397477899987,47.90365125642092,3053.1575000000003,3345.2445665346486,2761.070433465352,180.8335714285714
2025-12-20 05:30:00,2979.49,2994.41,2964.17,2977.93,91783.7734,2944.305714285714,3052.491,3144.1633999999995,2998.40916075464,3058.390208317623,-59.981047562982894,-50.91459589413407,-9.066451668848828,46.97446941260528,3052.491,3345.2328659501472,2759.7491340498527,178.96357142857138
2025-12-21 05:30:00,2977.93,3013.4,2944.0,3002.02,162244.8067,2935.522857142857,3062.6385,3126.7284000000004,2998.9646744846955,3054.2146373311325,-55.24996284643703,-51.78166928459466,-3.4682935618423656,47.09691669762353,3062.6385,3331.4879917841686,2793.7890082158315,166.60071428571425
2025-12-22 05:30:00,3002.03,3077.39,2963.43,3009.49,298443.5633,2941.9,3063.3095,3108.7866000000004,3000.583955333204,3050.90170123253,-50.31774589932593,-51.48888460754092,1.1711387082149898,43.89514145468871,3063.3095,3331.5256841715614,2795.0933158284383,164.76642857142852
2025-12-23 05:30:00,3009.48,3035.79,2900.93,2965.02,386465.747,2942.2885714285717,3052.1425,3096.0103999999997,2995.1125775896344,3044.540093733824,-49.42751614418967,-51.07661091487067,1.6490947706810033,27.650172204213902,3052.1425,3317.013387067196,2787.2716129328037,152.46714285714282
2025-12-24 05:30:00,2965.03,2978.15,2888.7,2947.47,197035.5598,2958.5714285714284,3042.853,3089.2188,2987.782950268152,3037.3497164202076,-49.56676615205561,-50.774641962307655,1.2078758102520482,26.49367831155375,3042.853,3308.7750996417344,2776.9309003582657,147.47499999999997
2025-12-25 05:30:00,2947.48,2971.46,2891.2,2903.95,188721.2981,2969.34,3036.9615,3078.812,2974.885573303821,3027.4682559446364,-52.58268264081562,-51.13625009800925,-1.4464325428063702,28.00469669384414,3036.9615,3309.975843658225,2763.9471563417746,140.20142857142858
2025-12-26 05:30:00,2903.9,2994.38,2894.26,2927.99,314830.9989,2961.981428571428,3031.4579999999996,3071.0690000000004,2967.6708697186177,3020.0994962450336,-52.42862652641588,-51.39472538369058,-1.0339011427253055,37.53991326311772,3031.4579999999996,3308.7827240178062,2754.133275982193,131.625
2025-12-27 05:30:00,2928.0,2960.89,2917.13,2949.05,95040.3956,2957.8557142857144,3025.918,3061.3289999999997,2964.806120531138,3014.8365705972533,-50.03045006611546,-51.12187032017556,1.0914202540600968,36.66253201668898,3025.918,3305.2739897975393,2746.562010202461,130.67357142857142
2025-12-28 05:30:00,2949.05,2961.23,2924.54,2950.91,128834.139,2950.554285714286,3017.2554999999998,3052.3169999999996,2962.6682558340394,3010.101269071531,-47.43301323749165,-50.38409890363878,2.9510856661471294,40.14943393585188,3017.2554999999998,3294.5214123789683,2739.989587621031,125.78714285714285
2025-12-29 05:30:00,2950.91,3057.78,2910.25,2937.9,485959.1824,2940.3271428571425,2998.2484999999997,3039.4058,2958.857754936495,3004.7530269180843,-45.8952719815893,-49.486333519228886,3.5910615376395825,47.22651023978596,2998.2484999999997,3238.320196858677,2758.1768031413226,116.1157142857143
2025-12-30 05:30:00,2937.91,3009.8,2919.44,2973.69,286583.2879,2941.565714285714,2980.7259999999997,3027.5225999999993,2961.1396387924187,3002.4520619611894,-41.31242316877069,-47.851551449137254,6.539128280366562,51.09711225413704,2980.7259999999997,3165.4138352246637,2796.0381647753356,115.00785714285719
2025-12-31 05:30:00,2973.69,3028.08,2958.91,2971.64,233729.5887,2945.0185714285717,2967.4384999999997,3018.6002000000003,2962.7550789782003,3000.1696870011015,-37.41460802290112,-45.764162763890035,8.349554740988914,67.60635179568223,2967.4384999999997,3107.1340913518043,2827.742908648195,102.81285714285718
2026-01-01 05:30:00,2971.65,3010.0,2971.15,3004.19,136088.5207,2959.3385714285714,2963.4049999999997,3010.3856,2969.129682212323,3000.467487963983,-31.337805751659744,-42.878891361443976,11.541085609784233,70.90913420325744,2963.4049999999997,3093.127828652695,2833.6821713473046,89.71571428571431
2026-01-02 05:30:00,3004.19,3150.01,2992.49,3125.45,369891.2449,2987.5471428571427,2963.9455,3008.2638,2993.178961871966,3009.7254518185023,-16.54648994653644,-37.61241107846247,21.065921131926032,68.69763509185475,2963.9455,3096.383189257106,2831.5078107428935,85.86928571428578
2026-01-03 05:30:00,3125.46,3136.71,3076.0,3127.11,134405.2258,3012.9842857142858,2967.1259999999997,3008.558,3013.7837369685867,3018.4206035356506,-4.636866567063862,-31.017302176182753,26.38043560911889,69.10702392540604,2967.1259999999997,3112.092795675401,2822.1592043245987,88.04571428571437
2026-01-04 05:30:00,3127.11,3167.22,3118.75,3144.7,181576.0686,3040.6685714285713,2976.1184999999996,3008.0944,3033.9247005118814,3027.7746329033803,6.150067608501104,-23.58382821924598,29.733895827747084,68.58393247889964,2976.1184999999996,3141.3826015273935,2810.8543984726057,86.55071428571435
2026-01-05 05:30:00,3144.71,3265.66,3135.02,3224.99,382446.6618,3081.6814285714286,2989.253,3010.6884000000005,3063.3193619715917,3042.383178614241,20.93618335735073,-14.679825903926638,35.61600926127737,73.59316838186994,2989.253,3188.2128379043374,2790.293162095663,87.74214285714291
2026-01-06 05:30:00,3224.99,3308.86,3183.27,3296.84,412503.5066,3127.845714285714,3012.4204999999997,3015.9964,3099.2456139759624,3061.2318320502227,38.01378192573975,-4.14110433799336,42.15488626373311,84.27326061807965,3012.4204999999997,3240.751663234859,2784.0893367651406,87.08000000000006
2026-01-07 05:30:00,3296.83,3296.84,3125.42,3168.72,321350.1225,3156.0,3029.428,3016.8976000000002,3109.9339810565834,3069.193918565021,40.74006249156264,4.835129027917841,35.904933463644795,68.6033801395779,3029.428,3250.6615021359607,2808.194497864039,92.93500000000004
2026-01-08 05:30:00,3168.72,3184.39,3054.65,3106.65,343616.1005,3170.637142857143,3035.7855,3018.5209999999997,3109.4287532017242,3071.9684431157602,37.46031008596401,11.360165239527076,26.100144846436933,66.5280495759948,3035.7855,3258.282015736114,2813.288984263886,96.46928571428573
2026-01-09 05:30:00,3106.66,3148.41,3058.69,3088.4,274587.4533,3165.344285714286,3041.3089999999997,3023.6045999999997,3106.193560401459,3073.185595477556,33.00796492390282,15.689725176402224,17.318239747500595,63.204425346965,3041.3089999999997,3263.2422134626736,2819.375786537326,95.72642857142857
2026-01-10 05:30:00,3088.4,3104.12,3077.99,3086.72,82341.0546,3159.574285714286,3045.544,3030.0219999999995,3103.1976280320036,3074.1881439607,29.009484071303632,18.353676955382507,10.655807115921125,61.70603540635679,3045.544,3267.553007536502,2823.534992463498,94.46714285714289
2026-01-11 05:30:00,3086.72,3147.27,3084.46,3123.45,149381.2965,3156.538571428571,3051.242,3037.0886,3106.3133775655415,3077.8371703339817,28.476207231559783,20.378183010617963,8.09802422094182,63.84973510996948,3051.242,3275.195992982054,2827.2880070179463,96.33285714285716
2026-01-12 05:30:00,3123.46,3171.49,3065.55,3095.75,297373.4681,3138.075714285714,3057.7785,3042.9604,3104.688242555458,3079.1640466055387,25.52419594991943,21.407385598478257,4.116810351441174,62.37864458350976,3057.7785,3278.7478092549413,2836.8091907450585,93.36214285714284
2026-01-13 05:30:00,3095.75,3367.79,3091.96,3325.82,457782.2816,3142.2157142857145,3076.696,3050.4092000000005,3138.7085129315415,3097.4348579680914,41.2736549634501,25.380639471472627,15.893015491977472,71.1649656797336,3076.696,3321.4090064208963,2831.9829935791035,106.60999999999997
2026-01-14 05:30:00,3325.83,3402.89,3280.48,3354.92,503440.0759,3168.815714285714,3099.2445,3058.3203999999996,3171.971818634381,3116.5078314519365,55.463987182444725,31.397309013667048,24.066678168777678,72.31174032505938,3099.2445,3359.547918217596,2838.9410817824037,110.41285714285709
2026-01-15 05:30:00,3354.92,3384.19,3273.72,3318.69,389993.836,3199.1071428571427,3118.7795,3064.163,3194.5438465367843,3131.4842883814226,63.05955815536163,37.729758842005964,25.329799313355664,68.22977046139577,3118.7795,3383.5716844509225,2853.9873155490777,115.5285714285714
2026-01-16 05:30:00,3318.7,3326.79,3253.01,3296.28,223921.7876,3228.804285714286,3136.141,3069.7839999999997,3210.195562454202,3143.6913781309468,66.50418432325523,43.484643938255815,23.019540384999416,61.18363338788872,3136.141,3399.606036202204,2872.675963797796,109.54714285714279
2026-01-17 05:30:00,3296.28,3330.26,3283.96,3310.56,124325.0303,3260.781428571428,3154.1235,3075.3722,3225.6362451535556,3156.0520167879135,69.58422836564205,48.70456082373306,20.879667541908987,61.814598709378245,3154.1235,3413.4179793107423,2894.829020689258,108.51785714285708
2026-01-18 05:30:00,3310.56,3368.82,3278.86,3284.03,173354.3026,3283.721428571429,3171.43,3081.2695999999996,3234.619899745316,3165.531867396216,69.0880323491001,52.78125512880647,16.306777220293633,58.87101908800349,3171.43,3415.7303010532596,2927.12969894674,111.48142857142852
2026-01-19 05:30:00,3284.04,3284.58,3165.38,3189.55,442540.5596,3297.121428571429,3182.223,3085.2354000000005,3227.686069015267,3167.3109883298293,60.37508068543775,54.30002024013273,6.07506044530502,47.783614759224534,3182.223,3408.120031046816,2956.3259689531837,110.66428571428567
2026-01-20 05:30:00,3189.56,3200.5,2920.0,2939.88,518166.4787,3241.9871428571428,3180.6349999999998,3088.0516000000002,3183.4082122436876,3150.4642484535457,32.94396379014188,50.02880895013456,-17.084845159992682,31.737813612736872,3180.6349999999998,3413.115659478494,2948.1543405215057,121.72928571428565
2026-01-21 05:30:00,2939.88,3069.07,2866.11,2982.27,577800.2481,3188.7514285714287,3179.5389999999998,3087.7756,3152.463871898505,3138.0054152347643,14.45845666374089,42.91473849285583,-28.456281829114943,39.54396078915197,3179.5389999999998,3415.6996419278325,2943.378358072167,123.98214285714279
2026-01-22 05:30:00,2982.28,3038.33,2906.02,2952.69,291660.7349,3136.4657142857145,3170.9010000000003,3083.0622000000003,3121.729430067966,3124.278347439597,-2.548917371630978,33.822007319958466,-36.370924691589444,41.039459899895235,3170.9010000000003,3427.1734002142166,2914.628599785784,124.16571428571423
2026-01-23 05:30:00,2952.7,3019.26,2892.4,2956.41,318415.3317,3087.912857142857,3162.366,3079.5252,3096.295671595971,3111.8436550366637,-15.54798344069286,23.9480091678282,-39.495992608521064,42.18596445528492,3162.366,3435.5887326135553,2889.1432673864447,126.8185714285714
2026-01-24 05:30:00,2956.41,2970.41,2943.84,2953.22,92082.9039,3036.8642857142863,3152.7920000000004,3078.1540000000005,3074.2840298119754,3100.093754663578,-25.80972485160237,13.996462363942086,-39.806187215544455,42.110675113464445,3152.7920000000004,3441.5962042702754,2863.9877957297253,126.84999999999994
2026-01-25 05:30:00,2953.23,2960.29,2787.0,2816.89,380186.5326,2970.13,3132.3869999999997,3073.7306,3034.6849483024407,3079.1156987625723,-44.43075046013155,2.3110197991273598,-46.74177025925891,33.791557397851264,3132.3869999999997,3455.3592806485785,2809.414719351421,134.74142857142851
2026-01-26 05:30:00,2816.9,2951.21,2812.37,2930.35,485169.3372,2933.1014285714286,3114.0625,3071.1406,3018.6334177943727,3068.096017372752,-49.46259957837947,-8.043704076374006,-41.41889550200546,41.98208330101604,3114.0625,3439.3271245670016,2788.7978754329984,137.09142857142857
2026-01-27 05:30:00,2930.35,3035.08,2899.77,3026.77,478792.3988,2945.5142857142855,3106.965,3069.1928,3019.8851996721614,3065.0348309006963,-45.14963122853487,-15.46488950680618,-29.68474172172869,33.34521435970548,3106.965,3433.400665975745,2780.529334024255,127.0542857142857
2026-01-28 05:30:00,3026.77,3045.78,2983.67,3010.78,296607.6549,2949.587142857142,3102.1715,3063.0475999999994,3018.484399722598,3061.015954537682,-42.53155481508384,-20.878222568461712,-21.653332246622124,30.550029389157643,3102.1715,3431.4300166559883,2772.9129833440115,122.74714285714286
2026-01-29 05:30:00,3010.78,3013.5,2754.53,2822.59,561288.5979,2931.0014285714283,3088.881,3053.0166000000004,2988.346799765275,3043.3547727200757,-55.00797295480061,-27.704172645729493,-27.303800309071114,26.071731748726634,3088.881,3441.1358343039474,2736.6261656960523,133.35428571428568
2026-01-30 05:30:00,2822.6,2828.65,2636.01,2707.38,793279.6252,2895.425714285714,3069.914,3042.4163999999996,2945.121138262925,3018.4677525185884,-73.34661425566355,-36.83266096771631,-36.513953287947245,23.929558011049693,3069.914,3461.332439626923,2678.4955603730773,141.8442857142857
2026-01-31 05:30:00,2707.37,2714.64,2250.0,2451.95,1113097.7132,2823.815714285714,3036.339,3029.7582,2869.248655453244,2976.5034745542484,-107.25481910100461,-50.91709259437397,-56.337726506630645,18.677357926148588,3036.339,3514.0986103701393,2558.5793896298605,171.72571428571425
2026-02-01 05:30:00,2451.96,2475.98,2222.0,2270.15,1026573.9466,2745.71,2995.059,3012.8684,2777.07963153736,2924.1809949576373,-147.10136342027727,-70.15394675955463,-76.94741666072264,16.776768510872543,2995.059,3581.51002348204,2408.60797651796,183.44142857142853
2026-02-02 05:30:00,2270.16,2396.62,2157.14,2347.02,1248535.2114,2662.3771428571426,2946.1189999999997,2998.5388000000003,2710.9166113008428,2881.428328664479,-170.5117173636363,-90.22550088037096,-80.28621648326535,22.06928559588927,2946.1189999999997,3577.9570952477375,2314.280904752262,192.03285714285713
2026-02-03 05:30:00,2347.01,2359.88,2110.0,2233.72,1321099.3867,2549.0842857142857,2890.059,2983.9162,2637.50174802379,2833.4499339485915,-195.9481859248017,-111.3700378892571,-84.57814803554459,24.26305507770357,2890.059,3566.556427385294,2213.5615726147066,189.84571428571425
2026-02-04 05:30:00,2233.72,2295.74,2076.68,2148.26,1264743.43,2425.867142857143,2831.5375,2967.6353999999997,2562.2337867893607,2782.6951240264734,-220.46133723711273,-133.18829775882824,-87.27303947828449,20.52864058800664,2831.5375,3552.921777034511,2110.153222965489,190.99571428571426
2026-02-05 05:30:00,2148.25,2173.77,1818.18,1826.83,1952286.6951,2283.615714285714,2758.065,2947.5022000000004,2449.0947426679204,2711.8903000245127,-262.7955573565923,-159.10974967838106,-103.68580767821126,17.018397000234344,2758.065,3573.36151836809,1942.7684816319102,206.94428571428566
2026-02-06 05:30:00,1826.83,2093.94,1747.8,2063.38,2102311.5573,2191.6157142857146,2695.706,2932.1983999999998,2389.754013026702,2663.8525000226973,-274.09848699599524,-182.1074971419039,-91.99098985409134,26.97937235452123,2695.706,3523.757433398708,1867.6545666012921,222.60714285714283
2026-02-07 05:30:00,2063.37,2121.7,1994.57,2087.08,1142616.4487,2139.4914285714285,2635.8585000000003,2914.35,2343.1887802533633,2621.1286111321274,-277.93983087876404,-201.27396388927593,-76.66586698948811,27.906169967451305,2635.8585000000003,3457.8707423796836,1813.846257620317,229.78999999999996
2026-02-08 05:30:00,2087.08,2152.03,2064.1,2089.74,482837.2515,2113.718571428571,2580.868,2896.5861999999997,2304.1966602143843,2581.7664917890065,-277.5698315746222,-216.53313742634518,-61.03669414827701,30.094115972340077,2580.868,3394.0212694937595,1767.7147305062404,223.69285714285712
2026-02-09 05:30:00,2089.73,2147.73,2008.62,2105.02,625378.5569,2079.1471428571426,2539.125,2878.6462,2273.554097104479,2546.4519368416727,-272.89783973719386,-227.80607788851495,-45.091761848678914,26.12293075814823,2539.125,3360.353704666605,1717.8962953333948,223.71214285714288
2026-02-10 05:30:00,2105.02,2124.71,1989.38,2022.67,574321.6908,2048.997142857143,2491.145,2858.9098,2234.9565437037895,2507.653274853401,-272.6967311496114,-236.78420854073426,-35.91252260887717,20.712627317380495,2491.145,3315.4833884252557,1666.8066115747442,223.7135714285714
2026-02-11 05:30:00,2022.67,2032.31,1903.19,1941.18,529655.8177,2019.4142857142856,2440.5695000000005,2838.433,2189.760152364745,2465.692291530927,-275.93213916618197,-244.6137946658238,-31.318344500358165,19.950329265277688,2440.5695000000005,3269.7816230351077,1611.3573769648933,228.5
2026-02-12 05:30:00,1941.19,2001.42,1897.24,1947.85,427567.1469,2036.702857142857,2390.1415,2818.4406,2152.543205847092,2427.333603269377,-274.79039742228497,-250.64911521711605,-24.14128220516892,22.633587786259525,2390.1415,3209.883045823066,1570.3999541769344,217.44357142857143
2026-02-13 05:30:00,1947.85,2073.68,1924.72,2048.72,425649.7698,2034.6085714285714,2344.9165000000003,2801.336,2136.5704049475394,2399.288151175349,-262.7177462278096,-253.06284141925477,-9.654904808554818,29.207126892528365,2344.9165000000003,3133.05116525713,1556.7818347428706,214.3235714285714
2026-02-14 05:30:00,2048.72,2107.67,2042.37,2086.59,220677.2355,2034.5385714285715,2308.4015,2784.508,2128.881111878687,2376.1253251623602,-247.24421328367316,-251.89911579213845,4.654902508465284,36.62958354680524,2308.4015,3071.7457875931022,1545.0572124068979,185.79928571428576
2026-02-15 05:30:00,2086.59,2103.32,1928.88,1966.58,834778.0952,2016.9442857142856,2260.213,2764.8586000000005,2103.9117100511967,2345.7886344095928,-241.87692435839608,-249.89467750538998,8.017753146993897,38.36459666848088,2260.213,2978.599826192048,1541.8261738079523,180.1178571428572
2026-02-16 05:30:00,1966.59,2023.51,1937.24,1998.33,351347.9433,2001.702857142857,2208.791,2745.8070000000002,2087.66837004332,2320.0509577866596,-232.38258774333963,-246.3922595529799,14.009671809640281,36.156393174473365,2208.791,2837.8198056293977,1579.7621943706026,169.17428571428576
2026-02-17 05:30:00,1998.34,2015.33,1941.66,1991.66,406246.9427,1997.2728571428572,2157.835,2726.8821999999996,2072.897851575117,2295.7257016543144,-222.82785007919756,-241.67937765822344,18.851527579025884,39.50085013359243,2157.835,2667.013103117862,1648.656896882138,156.58785714285713
2026-02-18 05:30:00,1991.67,2039.05,1923.78,1955.91,393639.0086,1999.3771428571429,2114.501,2706.5266,2054.8997205635605,2270.554168198439,-215.65444763487858,-236.47439165355448,20.819944018675898,41.28099360863062,2114.501,2523.0449879118464,1705.9570120881542,149.17428571428573
2026-02-19 05:30:00,1955.9,1987.55,1907.0,1949.08,300257.0733,1999.552857142857,2076.586,2686.0753999999997,2038.6197635537821,2246.7412668504066,-208.1215032966245,-230.8038139821685,22.682310685543996,57.7525524763777,2076.586,2380.913232771375,1772.2587672286243,129.52857142857144
2026-02-20 05:30:00,1949.08,1981.18,1922.97,1968.88,386253.5557,1988.1471428571429,2052.4325,2665.3691999999996,2027.8905691608927,2226.1589507874137,-198.26838162652098,-224.296727511039,26.028345884518018,41.735175791499046,2052.4325,2303.3072540632234,1801.5577459367762,108.96214285714287
2026-02-21 05:30:00,1968.88,1995.56,1955.62,1973.35,179173.8456,1971.97,2037.5925,2642.3271999999997,2019.4997123669093,2207.432361840198,-187.93264947328885,-217.02391190348897,29.091262430200118,39.70713341900918,2037.5925,2268.5651780720104,1806.6198219279895,102.73428571428573
2026-02-22 05:30:00,1973.35,1983.13,1935.0,1957.82,155325.6482,1970.7185714285715,2018.1325000000002,2618.9413999999997,2010.0105258489232,2188.9425572594428,-178.93203141051958,-209.4055358048951,30.47350439437551,38.33268475607601,2018.1325000000002,2199.617159392203,1836.647840607797,99.89142857142858
2026-02-23 05:30:00,1957.82,1958.33,1837.13,1856.3,547359.4869,1950.4285714285713,1999.2614999999998,2593.1734,1986.3627526413966,2164.3023678328173,-177.93961519142067,-203.11235168220023,25.172736490779556,30.91408576076614,1999.2614999999998,2164.0827637373195,1834.44023626268,98.61214285714284
2026-02-24 05:30:00,1856.3,1869.58,1800.0,1851.94,438064.0284,1930.4685714285715,1984.4454999999998,2565.7124,1965.6823291581047,2141.164414660016,-175.48208550191134,-197.58629844614245,22.104212944231108,35.117418365034254,1984.4454999999998,2146.1154216205946,1822.775578379405,93.91571428571426
2026-02-25 05:30:00,1851.95,2148.39,1846.74,2057.48,682979.4378,1944.9785714285715,1995.9780000000003,2540.9251999999997,1979.8050477491654,2134.965569129645,-155.1605213804794,-189.10114303300986,33.94062165253047,58.33524453873057,1995.9780000000003,2142.504770049093,1849.4512299509074,106.23928571428569
2026-02-26 05:30:00,2057.48,2083.33,1975.35,2027.68,439783.3566,1956.207142857143,1994.193,2518.1044,1987.1704250185246,2127.018489934856,-139.8480649163314,-179.25052740967416,39.40246249334277,55.53782760103779,1994.193,2138.109065318675,1850.2769346813245,106.51071428571426
2026-02-27 05:30:00,2027.68,2063.52,1887.0,1929.84,428687.234,1950.6299999999999,1986.3309999999997,2494.5682,1978.3503596310593,2112.4126758656075,-134.06231623454823,-170.212885174649,36.150568940100754,41.71844957784157,1986.3309999999997,2125.998502741591,1846.6634972584084,108.4792857142857
2026-02-28 05:30:00,1929.84,1984.99,1835.36,1964.51,461680.9835,1949.367142857143,1980.0695,2472.0903999999996,1976.2210735339731,2101.4569220977846,-125.23584856381149,-161.2174778524815,35.98162928867001,41.45744115095025,1980.0695,2111.1836815725546,1848.9553184274453,114.50285714285712
2026-03-01 05:30:00,1964.51,2054.8,1907.41,1939.71,529196.8464,1946.78,1971.804,2449.1502,1970.6039852979775,2089.4756686090595,-118.87168331108205,-152.74831894420163,33.87663563311958,47.83072029451182,1971.804,2089.953595522255,1853.6544044777452,112.57071428571427
2026-03-02 05:30:00,1939.71,2090.0,1920.0,2027.35,577406.3749,1971.2157142857143,1972.0379999999998,2427.2282,1979.334141405981,2084.8737672306106,-105.53962582462964,-143.30658032028725,37.766954495657615,52.14892923787803,1972.0379999999998,2090.6294844904614,1853.4465155095384,118.55142857142856
2026-03-03 05:30:00,2027.34,2041.48,1929.56,1982.8,509329.8534,1989.9099999999999,1974.119,2404.9692,1979.8673504204455,2077.3127474357507,-97.44539701530516,-134.13434365929083,36.68894664398567,49.37876875613517,1974.119,2091.888363525623,1856.349636474377,121.28357142857143
2026-03-04 05:30:00,1982.81,2199.0,1945.08,2127.28,737644.8152,1999.8814285714286,1983.0904999999998,2380.9984000000004,2002.5462195865307,2081.014025403473,-78.46780581694247,-123.00103609082117,44.5332302738787,60.42612219072071,1983.0904999999998,2118.4568135385603,1847.7241864614396,131.18714285714287
2026-03-05 05:30:00,2127.28,2163.66,2054.75,2072.86,432157.8126,2006.3357142857144,1984.2975,2355.3572,2013.363724265526,2080.4100235217343,-67.04629925620839,-111.81008872389862,44.76378946769023,57.11853879597894,1984.2975,2122.5279554566637,1846.0670445433364,133.21285714285713
2026-03-06 05:30:00,2072.86,2093.33,1955.95,1978.68,411597.7569,2013.3128571428572,1978.902,2328.5570000000002,2008.0277666862141,2072.874466223828,-64.84669953761409,-102.41741088664172,37.57071134902763,50.519177791905065,1978.902,2108.4737250831363,1849.3302749168638,138.86785714285713
2026-03-07 05:30:00,1978.68,1996.04,1948.09,1969.59,184459.82,2014.0385714285715,1979.0524999999998,2302.0232,2002.1142641191043,2065.223765022063,-63.10950090295887,-94.55582888990516,31.446327986946287,49.80177558465659,1979.0524999999998,2108.5709444291065,1849.534055570893,139.44
2026-03-08 05:30:00,1969.6,1979.8,1916.14,1937.1,391189.7317,2013.6657142857143,1975.9910000000004,2274.554,1992.112069639242,2055.7331157611698,-63.62104612192775,-88.36887233630968,24.74782621438193,48.92684745903168,1975.9910000000004,2106.481826440905,1845.5001735590956,140.54928571428567
2026-03-09 05:30:00,1937.11,2053.52,1929.65,1992.98,550825.4883,2008.7557142857145,1976.057,2248.7329999999997,1992.245597387051,2051.084736815898,-58.83913942884692,-82.46292575481712,23.6237863259702,57.430360754126156,1976.057,2106.5825259728667,1845.5314740271333,140.73999999999998
2026-03-10 05:30:00,1992.97,2088.19,1991.0,2036.51,463411.8739,2016.4285714285713,1980.087,2225.6722,1999.0555054813508,2050.005126681387,-50.94962120003629,-76.16026484386096,25.210643643824667,59.62394802431927,1980.087,2112.949558204329,1847.2244417956708,142.71214285714285
2026-03-11 05:30:00,2036.5,2085.58,2007.17,2051.97,350061.256,2005.6699999999998,1985.2315000000003,2207.9139999999998,2007.1961969457584,2050.1506728531363,-42.954475907377855,-69.51910705656434,26.564631149186482,49.641663306582714,1985.2315000000003,2120.9755285047713,1849.4874714952296,126.76642857142856
2026-03-12 05:30:00,2051.97,2095.0,2017.59,2073.52,400507.8132,2005.7642857142855,1990.4634999999998,2189.739,2017.3998589541034,2051.8817341232743,-34.48187516917096,-62.511660679085665,28.029785509914703,53.01348970522495,1990.4634999999998,2131.516388367482,1849.410611632518,124.58285714285714
2026-03-13 05:30:00,2073.51,2209.03,2070.12,2092.22,599657.0399,2021.9842857142855,1996.407,2172.5296,2028.9106498842411,2054.8697538178467,-25.959103933605547,-55.20114932998965,29.2420453963841,61.91447522892696,1996.407,2144.2765134728725,1848.5374865271276,121.89642857142859
2026-03-14 05:30:00,2092.21,2106.09,2061.6,2096.16,152500.5822,2040.0657142857142,2003.3239999999998,2155.3246000000004,2039.256703748204,2057.92829057208,-18.67158682387617,-47.895236828766954,29.223650004890786,60.115873430560455,2003.3239999999998,2156.442752318408,1850.2052476815916,114.3864285714286
2026-03-15 05:30:00,2096.16,2202.87,2083.35,2178.3,280825.9377,2074.522857142857,2019.4239999999998,2139.8262,2060.6479800946345,2066.844713492667,-6.196733398032393,-39.55553614262004,33.35880274458765,66.84838641338888,2019.4239999999998,2175.144240025667,1863.7037599743328,112.3957142857143
2026-03-16 05:30:00,2178.29,2386.02,2164.73,2352.97,845892.7756,2125.95,2044.4755,2130.5478,2105.6205985416136,2088.0391791598768,17.58141938173685,-28.128145037748666,45.70956441948552,70.47718468581776,2044.4755,2242.2697888297116,1846.6812111702886,116.05928571428572
2026-03-17 05:30:00,2352.97,2376.66,2294.15,2317.39,493831.1016,2166.075714285714,2057.471,2118.2886,2138.200506458288,2105.0281288517376,33.172377606550526,-15.868040508888829,49.04041811543935,71.28137283586264,2057.471,2289.9712796511476,1824.9707203488524,113.95857142857142
2026-03-18 05:30:00,2317.38,2350.0,2153.21,2203.39,488040.8887,2187.7071428571426,2066.2565,2101.821,2148.229659310859,2112.3141933812385,35.915465929620495,-5.511339221186964,41.42680515080746,55.03619496314331,2066.2565,2307.144749196634,1825.3682508033658,109.87785714285712
2026-03-19 05:30:00,2203.39,2233.72,2099.38,2137.81,490791.679,2196.8914285714286,2076.6549999999997,2084.3616,2146.626634801496,2114.202771649295,32.42386315220119,2.075701253490667,30.348161898710526,54.23518825232461,2076.6549999999997,2310.603632103556,1842.7063678964437,111.69428571428568
2026-03-20 05:30:00,2137.82,2176.84,2116.88,2146.22,300156.1778,2204.6057142857144,2085.7405,2070.8342000000002,2146.564075601266,2116.5744181937916,29.98965740747417,7.658492484287368,22.3311649231868,62.30066664708817,2085.7405,2315.4261816538838,1856.054818346116,106.1642857142857
2026-03-21 05:30:00,2146.21,2168.27,2070.78,2084.87,132559.4646,2202.992857142857,2092.9985,2058.384,2137.0726793549175,2114.225942772029,22.846736582888298,10.696141304007554,12.150595278880743,57.86057167794022,2092.9985,2312.1888586310524,1873.8081413689479,109.7028571428571
2026-03-22 05:30:00,2084.86,2127.21,2026.0,2053.89,313070.5572,2185.22,2094.3255,2050.4228,2124.2753440695456,2109.7566136778046,14.518730391740974,11.460659121554238,3.058071270186735,57.979966382879866,2094.3255,2312.1595720025916,1876.4914279974082,112.38499999999998
2026-03-23 05:30:00,2053.9,2198.57,2023.04,2152.03,614508.4369,2156.514285714286,2102.787,2048.0604000000003,2128.5452911357693,2112.887975627597,15.65731550817236,12.299990398877863,3.3573251092944965,60.27414958076562,2102.787,2315.4668564781023,1890.1071435218976,116.075
2026-03-24 05:30:00,2152.03,2175.16,2103.02,2156.23,316703.4728,2133.4914285714285,2104.2345,2044.2446,2132.8044771148816,2116.0984959514785,16.705981163403067,13.181188551782906,3.5247926116201604,58.14754321491766,2104.2345,2318.007507254175,1890.4614927458251,114.28571428571426
2026-03-25 05:30:00,2156.22,2199.02,2146.35,2169.02,275641.5255,2128.5814285714287,2109.0425,2042.9506,2138.3760960202844,2120.01860736248,18.357488657804424,14.216448572987211,4.141040084817213,57.99489091977106,2109.0425,2324.165589844344,1893.9194101556557,112.44714285714285
2026-03-26 05:30:00,2169.02,2172.19,2034.54,2060.43,338010.6238,2117.5271428571427,2113.13,2041.194,2126.3843889402406,2115.6046364467406,10.779752493499927,13.529109357089755,-2.749356863589828,49.20092299803434,2113.13,2320.801234913489,1905.4587650865108,116.75
2026-03-27 05:30:00,2060.43,2077.19,1970.93,1992.75,394873.5248,2095.6028571428574,2114.288,2044.5123999999998,2105.8252521802033,2106.5042930062414,-0.67904082603809,10.687479320464188,-11.366520146502278,44.270491331144534,2114.288,2318.823760414624,1909.7522395853762,114.41785714285712
2026-03-28 05:30:00,1992.76,2047.45,1983.17,1994.74,154831.8055,2082.727142857143,2117.1699999999996,2043.1396,2088.735213383249,2098.2254564872605,-9.49024310401137,6.651934835569077,-16.142177939580446,44.14501789631682,2117.1699999999996,2312.6158792229458,1921.7241207770533,115.83142857142853
2026-03-29 05:30:00,1994.74,2019.65,1938.82,1984.64,166726.7382,2072.8342857142857,2116.7529999999997,2041.0908,2072.7205651704417,2089.811718969686,-17.09115379924424,1.903317108606414,-18.994470907850655,37.80570737727626,2116.7529999999997,2313.346758330991,1920.1592416690085,113.06785714285711
2026-03-30 05:30:00,1984.65,2085.0,1980.28,2026.48,338304.4344,2054.8985714285714,2116.2515,2039.8256,2065.606632067297,2085.120480527487,-19.51384846018982,-2.380116005152833,-17.133732455036988,25.31191869697382,2116.2515,2313.7561957762055,1918.7468042237942,104.74142857142854
2026-03-31 05:30:00,2026.48,2124.03,2012.64,2105.43,421897.9023,2047.6414285714286,2118.9245,2039.8338,2071.733304056944,2086.6248893773027,-14.8915853203589,-4.882409868194046,-10.009175452164854,34.95884189611125,2118.9245,2314.200603097691,1923.6483969023093,106.80428571428571
2026-04-01 05:30:00,2105.43,2167.85,2082.08,2140.35,399227.3779,2043.5457142857142,2122.266,2042.1873999999998,2082.289718817414,2090.604527201206,-8.314808383792297,-5.568889571313696,-2.7459188124786005,44.960992454278035,2122.266,2316.555401113984,1927.976598886016,98.87428571428572
2026-04-02 05:30:00,2140.35,2159.37,2017.04,2057.17,346872.8323,2043.08,2120.5135,2044.5072,2078.425146691658,2088.1278955566722,-9.7027488650142,-6.3956614300537975,-3.307087434960403,43.730563502923246,2120.5135,2316.5683076189252,1924.458692381075,99.44500000000002
2026-04-03 05:30:00,2057.18,2081.76,2040.66,2053.83,136266.6393,2051.8057142857147,2118.397,2046.6268,2074.6412779698644,2085.5873107006223,-10.946032730757906,-7.30573569019462,-3.6402970405632864,42.75997178904475,2118.397,2316.462417592984,1920.331582407016,98.09785714285717
2026-04-04 05:30:00,2053.83,2084.0,2044.63,2065.52,86504.4406,2061.9171428571426,2112.758,2046.9628,2073.238004436039,2084.100843241317,-10.862838805277988,-8.017156313211293,-2.845682492066695,48.355682455514206,2112.758,2310.06284675128,1915.4531532487194,93.9464285714286
2026-04-05 05:30:00,2065.51,2123.49,2021.5,2110.17,157353.3199,2079.85,2100.618,2047.4343999999996,2078.9198499074178,2086.031891890108,-7.1120419826902435,-7.836133447107083,0.7240914644168397,54.673952762183184,2100.618,2262.365700167393,1938.8702998326069,94.00214285714287
2026-04-06 05:30:00,2110.17,2174.79,2087.5,2107.16,356054.2894,2091.3757142857144,2090.1065,2050.246,2083.2644883832,2087.596936935285,-4.332448552085225,-7.135396468102711,2.8029479160174864,45.57433965241746,2090.1065,2215.858032839747,1964.3549671602527,87.69928571428571
2026-04-07 05:30:00,2107.16,2273.87,2060.24,2240.01,460094.8093,2110.6014285714286,2091.9375,2055.0796,2107.3791824780924,2098.8867934585974,8.492389019495022,-4.0098393705831645,12.502228390078187,56.59083042260614,2091.9375,2225.460401465466,1958.4145985345338,97.8057142857143
2026-04-08 05:30:00,2240.01,2270.55,2179.78,2190.0,404717.6321,2117.694285714286,2094.547,2059.0463999999997,2120.0900774814627,2105.6359198690716,14.4541576123911,-0.31703997398831163,14.771197586379412,51.559155766944116,2094.547,2233.763236666368,1955.3307633336324,100.52714285714286
2026-04-09 05:30:00,2190.0,2246.0,2157.31,2190.2,275317.9503,2136.6985714285715,2096.746,2063.7322,2130.8762194073915,2111.899925804696,18.976293602695478,3.541626741348446,15.434666861347031,61.496075547917286,2096.746,2240.7073969308544,1952.7846030691458,97.03
2026-04-10 05:30:00,2190.17,2257.99,2176.1,2245.05,272899.0858,2164.0157142857142,2104.755,2069.6515999999997,2148.441416421639,2121.7628942636074,26.678522158031683,8.169005824685094,18.50951633334659,72.87066246056781,2104.755,2263.0441115714298,1946.4658884285702,95.28928571428571
2026-04-11 05:30:00,2245.06,2329.93,2229.0,2284.99,214785.4039,2195.368571428571,2116.31,2075.9738,2169.44889081831,2133.853790984822,35.59509983348789,13.654224626445654,21.94087520704224,74.617067833698,2116.31,2291.7735364728137,1940.8464635271864,97.90714285714284
2026-04-12 05:30:00,2285.0,2288.57,2175.0,2191.65,258156.8821,2207.0085714285715,2118.291,2080.3397999999997,2172.8644460770315,2138.134991652613,34.72945442441869,17.869270586040262,16.86018383837843,65.38490122924625,2118.291,2296.328317188129,1940.2536828118714,100.24571428571427
2026-04-13 05:30:00,2191.64,2394.71,2175.68,2369.46,453870.8292,2244.48,2128.9525,2088.5726,2203.109915911334,2155.270177456123,47.83973845521132,23.86336415987447,23.976374295336846,71.2045898558251,2128.9525,2339.1830787637373,1918.7219212362625,108.41071428571429
2026-04-14 05:30:00,2369.46,2415.5,2302.9,2322.44,460107.3841,2256.255714285714,2136.6235,2097.8954,2221.4683903865134,2167.6531272741877,53.81526311232574,29.853743950364724,23.961519161961014,63.96802306870406,2136.6235,2363.5435556907755,1909.7034443092248,108.49714285714285
2026-04-15 05:30:00,2322.44,2385.61,2308.5,2359.95,268190.6377,2280.534285714286,2151.5995,2108.0556,2242.773253403973,2181.8973400686923,60.87591333528053,36.05817782734789,24.81773550793264,64.08775981524249,2151.5995,2396.1932749755906,1907.005725024409,107.87857142857142
2026-04-16 05:30:00,2359.94,2369.59,2285.1,2348.17,328960.9377,2303.1014285714286,2169.3705,2113.8694,2258.9881374956694,2194.2138333969374,64.77430409873205,41.80140308162472,22.972901017107326,70.55084745762713,2169.3705,2416.9969904181503,1921.7440095818497,103.74714285714288
2026-04-17 05:30:00,2348.16,2464.91,2317.43,2419.0,491731.3615,2327.9514285714286,2190.5834999999997,2121.6958,2283.60534711172,2210.8646605527197,72.74068655900055,47.98925977709989,24.751426781900662,73.54446865852559,2190.5834999999997,2447.72729448691,1933.4397055130894,111.3457142857143
2026-04-18 05:30:00,2419.0,2427.64,2339.92,2350.32,221741.3888,2337.2842857142855,2208.8675,2130.1054,2293.8691398637634,2221.1946856969626,72.67445416680084,52.926298655040085,19.748155511760757,67.10551604843363,2208.8675,2456.1690859973623,1961.5659140026373,114.79928571428572
2026-04-19 05:30:00,2350.33,2355.3,2252.72,2263.27,256086.8276,2347.5157142857142,2220.707,2136.0806,2289.161579884723,2224.311375645336,64.85020423938704,55.311079771909476,9.539124467477563,58.74977139722019,2220.707,2453.4896228909042,1987.9243771090955,114.84142857142862
2026-04-20 05:30:00,2263.28,2346.78,2259.67,2313.85,301000.0659,2339.5714285714284,2231.1279999999997,2143.5634,2292.9597983639965,2230.943866338274,62.01593202572258,56.6520502226721,5.363881803050475,61.20331725296765,2231.1279999999997,2460.821936917828,2001.4340630821714,114.8285714285715
2026-04-21 05:30:00,2313.84,2338.75,2284.19,2327.14,226645.977,2340.2428571428572,2240.4674999999997,2149.5591999999997,2298.2182909233816,2238.069505868772,60.14878505460956,57.3513971890596,2.7973878655499647,55.42602349014185,2240.4674999999997,2469.8097314151833,2011.125268584816,103.46642857142862
2026-04-22 05:30:00,2327.15,2423.75,2312.95,2374.07,379707.1259,2342.2599999999998,2256.3125,2157.3846000000003,2309.887784627477,2248.143616545159,61.74416808231763,58.22995136771121,3.5142167146064196,61.507107938135334,2256.3125,2475.9151098851985,2036.7098901148015,104.89714285714292
2026-04-23 05:30:00,2374.08,2382.0,2285.42,2330.26,356645.6923,2339.701428571429,2270.134,2161.4442,2313.021971607865,2254.2263116158883,58.79565999197666,58.3430930925643,0.4525668994123606,58.30309928623939,2270.134,2469.985838530899,2070.282161469101,105.46071428571433
2026-04-24 05:30:00,2330.27,2337.5,2300.22,2314.99,183887.6181,2324.842857142857,2282.6075,2166.2868000000003,2313.3247452066553,2258.727325570267,54.59741963638817,57.593958401329076,-2.996538764940908,54.35036823248405,2282.6075,2458.377687984711,2106.837312015289,102.2742857142858
2026-04-25 05:30:00,2314.98,2323.21,2300.55,2319.5,68139.2191,2320.44,2293.0739999999996,2173.1032,2314.2747844056316,2263.2290051576547,51.04577924797695,56.28432257065865,-5.2385433226817,52.245545997579434,2293.0739999999996,2449.472558264898,2136.6754417351012,96.68357142857151
2026-04-26 05:30:00,2319.49,2380.0,2306.72,2369.44,154591.6219,2335.6071428571427,2306.188,2181.1002,2322.761740650919,2271.0964862570877,51.66525439383122,55.36050893529317,-3.6952545414619493,62.26121019020427,2306.188,2439.182363568624,2173.193636431376,93.80571428571436
2026-04-27 05:30:00,2369.45,2404.37,2266.09,2303.67,300363.8586,2334.152857142857,2309.371,2188.4316,2319.824549781547,2273.509339126933,46.31521065461402,53.551449279157346,-7.236238624543326,44.633505718061244,2309.371,2438.692965716629,2180.0490342833714,88.03785714285719
2026-04-28 05:30:00,2303.66,2310.88,2258.24,2289.42,187932.2201,2328.764285714286,2314.3419999999996,2194.3604,2315.146926738232,2274.687906599012,40.45902013922023,50.932963451169925,-10.473943311949697,47.15442950706653,2314.3419999999996,2431.406266038483,2197.2777339615163,83.75500000000008
2026-04-29 05:30:00,2289.42,2346.95,2220.36,2252.9,355078.1015,2311.4542857142856,2317.477,2198.6882,2305.570476470812,2273.0739875916775,32.49648887913463,47.24566853676287,-14.74917965762824,40.75896479687854,2317.477,2423.3682252414183,2211.5857747585815,87.28928571428575
2026-04-30 05:30:00,2252.9,2279.0,2231.64,2257.51,167194.2776,2301.0614285714287,2318.1,2202.799,2298.176557013764,2271.9210996219235,26.255457391840537,43.04762630777841,-16.79216891593787,42.075728970002125,2318.1,2422.3306432362606,2213.8693567637392,84.63714285714289
2026-05-01 05:30:00,2257.51,2325.28,2257.21,2295.63,191082.555,2298.2957142857144,2318.632,2207.2412,2297.7847790116466,2273.677314464744,24.10746454690252,39.25959395560323,-15.15212940870071,38.56266107948754,2318.632,2422.257943225838,2215.006056774162,78.96500000000005
2026-05-02 05:30:00,2295.63,2343.6,2292.91,2316.97,85588.4724,2297.934285714286,2324.898,2211.7362,2300.7363514713934,2276.884180059948,23.852171411445397,36.178109446771664,-12.325938035326267,46.61070346958269,2324.898,2409.626886915065,2240.1691130849354,76.32000000000006
2026-05-03 05:30:00,2316.97,2356.92,2297.59,2322.65,151074.4342,2291.2500000000005,2322.5575,2216.2659999999996,2304.107682014256,2280.2742407962483,23.83344121800792,33.709175801018915,-9.875734583010995,57.230529443280886,2322.5575,2404.6484613267503,2240.4665386732495,73.23071428571431
2026-05-04 05:30:00,2322.65,2398.93,2309.24,2347.16,453020.7985,2297.4628571428575,2323.7934999999998,2219.6432,2310.7311155505245,2285.2287414780076,25.502374072516886,32.06781545531851,-6.565441382801623,54.331036276166934,2323.7934999999998,2406.6181256983773,2240.9688743016222,73.41500000000003
2026-05-05 05:30:00,2347.17,2399.5,2344.93,2360.77,286636.7312,2307.655714285714,2323.8345,2219.7992,2318.4294054658285,2290.8243902574145,27.605015208413988,31.175255405937605,-3.570240197523617,54.369007716891424,2323.8345,2406.735263624015,2240.933736375985,73.41571428571433
2026-05-06 05:30:00,2360.76,2423.74,2338.0,2350.84,420667.3161,2321.6471428571426,2323.968,2220.4682000000003,2323.415650778778,2295.2699909790877,28.145659799690293,30.56933628468814,-2.4236764849978485,46.661109034984335,2323.968,2407.042187415273,2240.8938125847267,71.6257142857143
2026-05-07 05:30:00,2350.84,2352.3,2280.1,2291.06,469521.9378,2326.44,2317.5710000000004,2222.2216,2318.4378583512735,2294.9581397954516,23.47971855582182,29.15141273891488,-5.671694183093059,44.61301671064201,2317.5710000000004,2388.674625164614,2246.4673748353866,69.88428571428575
2026-05-08 05:30:00,2291.06,2321.22,2265.61,2307.06,421035.1582,2328.072857142857,2315.4080000000004,2225.6065999999996,2316.6874186049236,2295.8545738846774,20.832844720246158,27.487699135181135,-6.654854414934977,48.91241736840664,2315.4080000000004,2384.931353016866,2245.8846469831346,71.19357142857143
2026-05-09 05:30:00,2307.07,2338.37,2300.0,2326.44,230431.157,2329.4257142857145,2318.5665,2229.211,2318.1878157426277,2298.120161004331,20.067654738296824,26.003690255804276,-5.936035517507452,50.91450558718112,2318.5665,2383.718824278711,2253.4141757212888,72.3157142857143
2026-05-10 05:30:00,2326.43,2382.53,2311.83,2371.27,398122.8623,2336.371428571428,2321.4375,2234.939,2326.3543056283775,2303.5386675966024,22.815638031775052,25.366079810998432,-2.5504417792233802,50.24443672695214,2321.4375,2390.648818172167,2252.226181827833,72.13142857142859
2026-05-11 05:30:00,2371.26,2374.92,2304.0,2339.87,236962.0552,2335.33,2322.074,2240.6585999999998,2328.4336432240116,2306.2298774042615,22.20376581975006,24.73361701274876,-2.5298511929986987,55.32415578303328,2322.074,2391.738786966795,2252.409213033205,67.32000000000004
2026-05-12 05:30:00,2339.88,2340.85,2256.27,2274.96,252981.1082,2323.0714285714284,2317.1185,2243.1172,2320.206928881856,2303.9135901891314,16.293338692724774,23.045561348743963,-6.752222656019189,48.14909630843274,2317.1185,2385.2941592693683,2248.942840730632,69.60142857142857
2026-05-13 05:30:00,2274.97,2323.36,2234.13,2258.65,258455.7299,2309.901428571429,2313.538,2245.1656,2310.7366321308014,2300.5607316566034,10.175900474197988,20.471629173834767,-10.29572869963678,50.77616695013633,2313.538,2386.1829032078376,2240.8930967921624,66.93285714285717
2026-05-14 05:30:00,2258.66,2319.33,2238.64,2283.25,256680.8359,2308.785714285714,2311.951,2247.4501999999998,2306.5079194952937,2299.2784552375956,7.229464257698055,17.823196190607426,-10.593731932909371,53.29661885245899,2311.951,2385.8384999468235,2238.0635000531765,69.31357142857145
2026-05-15 05:30:00,2283.26,2300.29,2205.11,2224.66,288536.5507,2297.014285714286,2307.209,2250.7348,2293.9159318806333,2293.751162257033,0.16476962360047764,14.291510877206036,-14.126741253605559,41.36344829264728,2307.209,2390.61665152312,2223.80134847688,71.25
2026-05-16 05:30:00,2224.65,2231.51,2162.55,2180.77,199288.5761,2276.2042857142856,2297.7755,2254.4952000000003,2276.508865437459,2285.3821872750304,-8.873321837571439,9.658544334250543,-18.53186617182198,34.2877578330488,2297.7755,2393.3395072025132,2202.211492797487,72.55499999999999
2026-05-17 05:30:00,2180.77,2198.14,2091.48,2131.0,175116.8149,2241.88,2289.1420000000003,2257.2204,2254.1228861393884,2273.946469699102,-19.823583559713825,3.762118755457669,-23.585702315171496,29.93235743754056,2289.1420000000003,2410.249045577007,2168.0349544229935,75.93571428571428
2026-05-18 05:30:00,2131.0,2157.24,2077.23,2130.08,381878.3932,2211.91,2281.175,2260.1292000000003,2235.039365194867,2263.2896941658355,-28.25032897096844,-2.640370789827553,-25.609958181140886,26.08829749735638,2281.175,2421.6246793947043,2140.725320605296,75.24428571428568
2026-05-19 05:30:00,2130.08,2146.95,2094.47,2111.93,186945.075,2188.62,2274.1265,2261.8382,2216.0994628571952,2252.077864968366,-35.97840211117091,-9.307977054096224,-26.670425057074684,22.86131832657155,2274.1265,2433.4340816445765,2114.818918355423,75.09499999999996
2026-05-20 05:30:00,2111.93,2149.0,2103.29,2129.44,189088.294,2170.1614285714286,2267.723,2262.3184,2202.767237802242,2242.993578674413,-40.22634087217102,-15.491649817711183,-24.734691054459837,26.24667410522703,2267.723,2439.639614071048,2095.806385928952,72.23571428571427
2026-05-21 05:30:00,2129.44,2157.5,2105.15,2133.76,232889.1117,2148.805714285714,2259.6295,2262.1866,2192.15073967882,2234.9022024763085,-42.75146279748833,-20.943612413666614,-21.807850383821716,30.844171659603546,2259.6295,2440.995643358708,2078.263356641292,70.8178571428571
2026-05-22 05:30:00,2133.77,2141.39,2057.79,2065.85,221783.2548,2126.1185714285716,2247.0735,2262.3602,2172.7198566513093,2222.3798171076933,-49.65996045638394,-26.68688202221008,-22.97307843417386,23.922679409284555,2247.0735,2445.6762345202387,2048.470765479761,72.81714285714283
2026-05-23 05:30:00,2065.86,2149.95,2009.3,2117.68,350546.2289,2117.1057142857144,2236.825,2263.6372,2164.2521863972615,2214.6242750997158,-50.37208870245422,-31.42392335825891,-18.94816534419531,28.91057501919424,2236.825,2440.1058297067984,2033.5441702932012,80.12285714285711
2026-05-24 05:30:00,2117.69,2132.14,2063.0,2099.85,197748.7605,2112.655714285714,2224.4595,2264.3238,2154.3441577207595,2206.122476944181,-51.77831922342148,-35.49480253129143,-16.28351669213005,20.998418600675322,2224.4595,2429.560210201675,2019.3587897983248,80.01142857142851
2026-05-25 05:30:00,2099.86,2141.98,2092.26,2113.01,166428.5979,2110.217142857143,2212.0715,2264.3806,2147.9850565329502,2199.2252564297974,-51.240199896847116,-38.64388200440257,-12.596317892444546,24.77651767845238,2212.0715,2412.3797461738186,2011.7632538261812,78.49714285714278
2026-05-26 05:30:00,2113.01,2140.49,2055.06,2073.77,282553.3096,2104.7657142857142,2198.218,2263.7128,2136.567355527881,2189.932274472035,-53.36491894415394,-41.58808939235285,-11.776829551801093,26.276442704525678,2198.218,2396.430187271937,2000.0058127280627,78.55785714285706
2026-05-27 05:30:00,2073.77,2097.4,2016.0,2024.84,267963.1573,2089.822857142857,2184.907,2259.4094,2119.3785316005146,2177.703217103736,-58.32468550322119,-44.935408614526516,-13.389276888694674,24.399430636154662,2184.907,2392.405878941725,1977.4081210582754,77.99857142857135
2026-05-28 05:30:00,2024.83,2030.0,1967.0,2009.9,363834.9211,2072.1285714285714,2170.049,2255.8074,2102.5356805850506,2165.2733491701256,-62.73766858507497,-48.49586060863621,-14.241807976438764,19.423253316629086,2170.049,2383.1987467089093,1956.8992532910909,76.73499999999991
2026-05-29 05:30:00,2009.89,2046.59,1976.48,2014.54,283145.695,2064.7985714285714,2154.4539999999997,2252.2942,2088.9978835719658,2154.1079158982648,-65.110032326299,-51.81869495216877,-13.291337374130237,23.2698961937717,2154.4539999999997,2365.050492538314,1943.8575074616858,74.94428571428564
2026-05-30 05:30:00,2014.54,2032.0,2002.0,2022.44,97977.5349,2051.192857142857,2137.0125,2247.842,2078.758209176279,2144.354736942838,-65.59652776655912,-54.57426151504684,-11.022266251512278,27.82803528917526,2137.0125,2328.9560731638685,1945.0689268361314,72.16142857142849
2026-05-31 05:30:00,2022.44,2038.0,1993.75,2007.01,163735.4958,2037.93,2120.3695,2242.2824,2067.720023149159,2134.18105272485,-66.4610295756911,-56.95161512717569,-9.509414448515408,30.789253509342814,2120.3695,2295.2142662144824,1945.524733785517,67.70357142857135
2026-06-01 05:30:00,2007.02,2021.5,1956.04,2006.73,374428.2839,2022.7471428571428,2106.9579999999996,2238.5840000000003,2058.3369426646727,2124.7402340044905,-66.40329133981777,-58.84195036970411,-7.561340970113662,30.850436240568897,2106.9579999999996,2272.7918641817128,1941.1241358182863,66.66428571428567
2026-06-02 05:30:00,2006.73,2006.78,1839.02,1859.84,556885.5418,1992.185714285714,2087.0175,2228.3916,2027.7989514854924,2105.117994448602,-77.31904296310972,-62.53736888838523,-14.781674074724492,22.04032741066088,2087.0175,2270.970301254665,1903.0646987453345,74.89857142857137
2026-06-03 05:30:00,1859.84,1893.07,1769.62,1813.05,584760.4818,1961.93,2063.5074999999997,2218.2038000000002,1994.760651256955,2083.48332819315,-88.72267693619506,-67.77443049794721,-20.94824643824785,17.04888666708331,2063.5074999999997,2261.5134021846675,1865.501597815332,80.45142857142852
2026-06-04 05:30:00,1813.05,1820.5,1717.28,1770.77,648306.1051,1927.7685714285715,2040.813,2206.4202,1960.3005510635771,2060.3193779566204,-100.0188268930433,-74.22330977696643,-25.795517116076866,14.96573689798285,2040.813,2263.549290248464,1818.0767097515363,84.08499999999995
2026-06-05 05:30:00,1770.76,1774.99,1540.19,1583.4,1257013.1608,1866.1771428571428,2010.9445,2191.1248,1902.31585089995,2024.9920166265006,-122.67616572655061,-83.91388096688327,-38.76228475966734,12.161377860739464,2010.9445,2303.825131727357,1718.063868272643,94.88499999999996
2026-06-06 05:30:00,1583.4,1601.22,1505.68,1569.69,558458.3672,1801.4985714285717,1982.8789999999997,2174.1386,1851.1426430691884,1991.265941320834,-140.12329825164556,-95.15576442383573,-44.96753382780983,4.287692487362193,1982.8789999999997,2329.893127114163,1635.8648728858366,91.6628571428571
2026-06-07 05:30:00,1569.68,1721.93,1564.1,1690.51,458280.5909,1756.2842857142857,1960.9005000000002,2160.9424,1826.4299287508518,1968.9877234452167,-142.55779469436493,-104.63617047794159,-37.92162421642334,20.86050286169882,1960.9005000000002,2323.9692130832977,1597.8317869167024,97.99785714285713
2026-06-08 05:30:00,1690.5,1714.5,1645.0,1690.49,480027.3121,1711.107142857143,1939.8285,2149.4868,1805.5160935584129,1948.358262449275,-142.842168890862,-112.27737016052568,-30.564798730336335,19.348848006499892,1939.8285,2314.716855157363,1564.9401448426372,99.41071428571429
2026-06-09 05:30:00,1690.48,1696.88,1614.02,1639.52,384147.2349,1679.6328571428571,1915.3325,2136.0002,1779.9782330109647,1925.4813541196988,-145.50312110873415,-118.92252035016737,-26.580600758566774,19.025065266701844,1915.3325,2301.8970362814434,1528.7679637185568,99.22714285714288
2026-06-10 05:30:00,1639.52,1667.96,1603.44,1621.59,290791.2819,1652.2814285714285,1889.7239999999997,2121.8892,1755.6108125477394,1902.9708834441656,-147.36007089642612,-124.61003045941914,-22.750040437006987,19.905368897114784,1889.7239999999997,2283.159836132964,1496.2881638670356,98.02142857142859
2026-06-11 05:30:00,1621.6,1693.59,1621.6,1673.46,278507.7204,1638.3800000000003,1870.1045,2107.877,1742.9722260019334,1885.9700772631163,-142.99785126118286,-128.28759461977188,-14.710256641410979,26.2031404724855,1870.1045,2265.688572026431,1474.520427973569,98.66428571428573
2026-06-12 05:30:00,1673.46,1691.07,1652.09,1666.41,201888.0102,1650.2385714285715,1847.541,2094.6,1731.193422001636,1869.7063678362188,-138.51294583458275,-130.33266486273408,-8.180280971848674,25.45995403984155,1847.541,2235.0642261099924,1460.0177738900074,96.44071428571431
2026-06-13 05:30:00,1666.42,1697.28,1662.2,1681.18,106751.6077,1666.1657142857143,1826.6075,2081.9237999999996,1723.4990493859998,1855.7414517002026,-132.24240231420276,-130.71461235302783,-1.527789961174932,26.174983942584262,1826.6075,2201.7789312922214,1451.436068707779,96.80357142857144
2026-06-14 05:30:00,1681.19,1732.28,1654.9,1725.62,178009.9541,1671.1814285714286,1807.238,2070.0461999999998,1723.8253494804615,1846.1028256483355,-122.27747616787406,-129.0271851159971,6.749708948123043,31.11958024128073,1807.238,2159.4485070669807,1455.0274929330194,99.17
2026-06-15 05:30:00,1725.63,1849.54,1709.66,1796.13,464135.2553,1686.2728571428572,1793.3560000000002,2058.58,1734.9491418680827,1842.40113485957,-107.45199299148726,-124.71214669109514,17.260153699607883,37.08640945770279,1793.3560000000002,2122.462614713803,1464.2493852861976,104.48571428571428
2026-06-16 05:30:00,1796.14,1839.77,1758.0,1792.99,353577.549,1708.197142857143,1781.7634999999998,2048.3664,1743.8785046576086,1838.7410507958982,-94.86254613828964,-118.74222658053404,23.879680442244393,45.023597897777194,1781.7634999999998,2092.350583763975,1471.1764162360246,98.34357142857142
2026-06-17 05:30:00,1793.0,1810.21,1725.34,1750.6,334498.0575,1726.6271428571429,1768.7984999999996,2037.59,1744.9125808641304,1832.2120840702762,-87.2995032061458,-112.4536819056564,25.154178699510595,45.320484961110196,1768.7984999999996,2060.3528374307684,1477.2441625692309,95.58785714285715
2026-06-18 05:30:00,1750.61,1762.99,1671.79,1711.11,312480.9656,1732.0057142857142,1753.627,2026.7542,1739.7121838081102,1823.2415593243297,-83.52937551621949,-106.66882062776902,23.139445111549534,45.51077534312545,1753.627,2021.9960567384662,1485.2579432615337,94.72928571428572
2026-06-19 05:30:00,1711.11,1719.51,1679.11,1711.19,165078.1984,1738.402857142857,1738.0645,2015.8278,1735.3241555299394,1814.941443818824,-79.61728828888454,-101.25851415999213,21.641225871107594,63.38984471594122,1738.0645,1975.063681564119,1501.065318435881,80.84357142857144
2026-06-20 05:30:00,1711.18,1749.55,1704.06,1741.08,159791.8211,1746.9599999999998,1724.768,2004.7368,1736.2096700637949,1809.4702257581703,-73.2605556943754,-95.6589224668688,22.398366772493404,67.36931714534728,1724.768,1925.2633761481766,1524.2726238518235,77.26857142857145
2026-06-21 05:30:00,1741.08,1741.45,1702.0,1706.94,123762.4689,1744.2914285714287,1709.7785,1992.5362,1731.7066439001342,1801.875394220528,-70.16875032039388,-90.56088803757382,20.392137717179935,52.01996606752073,1709.7785,1860.0511968616108,1559.505803138389,68.81285714285715
2026-06-22 05:30:00,1706.94,1779.9,1706.94,1728.19,262657.182,1734.5857142857142,1703.196,1980.6470000000002,1731.165621761652,1796.4172168708592,-65.2515951092073,-85.49902945190051,20.24743434269321,54.405028977378954,1703.196,1836.3503541828466,1570.0416458171533,69.06000000000002
2026-06-23 05:30:00,1728.19,1736.25,1635.65,1667.13,248262.012,1716.6057142857142,1695.9,1967.0464000000002,1721.3139876444748,1786.8403859915363,-65.52639834706156,-81.50450323093273,15.978104883871168,53.15175452615238,1695.9,1819.3470799891631,1572.452920010837,70.32714285714285
2026-06-24 05:30:00,1667.13,1693.67,1552.95,1622.17,355728.3403,1698.2585714285713,1688.47,1952.2744,1706.0610664684018,1774.642579621793,-68.58151315339114,-78.91990521542441,10.338392062033265,50.06236022707725,1688.47,1810.8263479090485,1566.1136520909515,75.77
2026-06-25 05:30:00,1622.18,1660.54,1532.9,1567.84,440671.005,1677.7914285714287,1687.6920000000002,1936.6144,1684.7962870117246,1759.3238700201787,-74.52758300845403,-78.04144077403033,3.5138577655763044,38.703743315508014,1687.6920000000002,1813.0230535886465,1562.360946411354,79.74428571428571
2026-06-26 05:30:00,1567.86,1594.7,1512.0,1578.68,423691.4393,1658.8614285714286,1688.1415000000002,1922.3668000000002,1668.4707043945364,1745.9428426112765,-77.47213821674018,-77.9275802625723,0.4554420458321289,40.69256720914937,1688.1415000000002,1811.743152054017,1564.5398479459834,82.86714285714285
2026-06-27 05:30:00,1578.68,1611.02,1562.86,1573.99,131592.3598,1634.9914285714287,1682.3155,1907.7053999999998,1653.9352114107614,1733.2055950104411,-79.27038359967969,-78.19614092999379,-1.0742426696859013,38.379480063311725,1682.3155,1816.01871375092,1548.61228624908,83.80142857142857
2026-06-28 05:30:00,1574.0,1588.82,1548.37,1571.96,140181.1417,1615.7085714285713,1676.389,1892.6158000000003,1641.3236404244903,1721.2614768615197,-79.93783643702932,-78.5444800314009,-1.393356405628424,31.654727793696324,1676.389,1818.7914359488493,1533.9865640511505,81.16357142857144
2026-06-29 05:30:00,1571.96,1637.58,1550.43,1613.07,309968.9748,1599.2628571428572,1675.0665000000001,1877.4517999999998,1636.9769265130303,1713.247293390296,-76.27036687726559,-78.08965740057383,1.81929052330824,26.49460708782742,1675.0665000000001,1819.388980909057,1530.7440190909433,77.39714285714287
2026-06-30 05:30:00,1613.07,1614.41,1550.2,1572.01,222057.2042,1585.6742857142856,1672.5875,1862.0946000000001,1626.982014741795,1702.7852716576815,-75.80325691588655,-77.63237730363637,1.8291203877498248,24.143499017130026,1672.5875,1822.3772791290664,1522.7977208709337,76.14285714285715
2026-07-01 05:30:00,1572.0,1646.26,1552.92,1609.58,306536.311,1583.8757142857141,1669.3935000000001,1848.787,1624.3047817045958,1695.8811774608162,-71.57639575622034,-76.42118099415318,4.8447852379328396,33.31124260355031,1669.3935000000001,1821.8062334470371,1516.9807665529631,76.74785714285714
2026-07-02 05:30:00,1609.59,1725.0,1597.22,1700.57,373453.5082,1602.8371428571427,1671.1015,1837.6254000000001,1636.037892211581,1696.2284976489038,-60.1906054373228,-73.1750658827871,12.984460445464293,48.88818565400844,1671.1015,1824.137803814548,1518.065196185452,79.36071428571428
2026-07-03 05:30:00,1700.57,1775.78,1694.72,1758.21,244416.868,1628.4842857142855,1674.953,1827.1246,1654.833601102107,1700.8197200452814,-45.98611894317446,-67.73727649486457,21.751157551690113,54.42283091278501,1674.953,1832.8571397542653,1517.0488602457347,82.26499999999999
2026-07-04 05:30:00,1758.22,1807.65,1744.09,1780.64,190880.1497,1658.0057142857142,1677.7040000000002,1818.2442,1674.1884317017827,1706.7323333752606,-32.543901673477876,-60.69860153058724,28.154699857109364,53.77408891432933,1677.7040000000002,1841.144891926225,1514.2631080737754,83.55571428571429
2026-07-05 05:30:00,1780.64,1808.0,1748.79,1785.65,389673.4191,1688.532857142857,1677.1799999999998,1810.3418,1691.336365286124,1712.5780864585745,-21.241721172450525,-52.8072254589599,31.565504286509373,57.95098692850072,1677.1799999999998,1839.0821955572912,1515.2778044427084,84.96714285714286
2026-07-06 05:30:00,1785.65,1833.4,1728.95,1799.56,305879.3304,1715.1742857142858,1677.5085,1803.713,1707.9861552421048,1719.0211911653469,-11.035035923242049,-44.452787551816336,33.41775162857429,57.31804852039454,1677.5085,1840.4235727767395,1514.5934272232603,87.21642857142857
2026-07-07 05:30:00,1799.56,1813.16,1757.57,1771.45,241536.7253,1743.6657142857143,1678.551,1796.5403999999999,1717.7498236663964,1722.9048066345804,-5.154982968183958,-36.59322663508986,31.438243666905905,61.471804345913604,1678.551,1843.6871010482848,1513.414898951715,84.00142857142859
2026-07-08 05:30:00,1771.45,1785.0,1713.44,1743.54,225231.2254,1762.8028571428572,1680.1725,1789.1726,1721.7175431023352,1724.4333394764633,-2.7157963741281037,-29.81774058289751,27.101944208769407,63.86673674108264,1680.1725,1847.2798230779294,1513.0651769220703,79.06142857142858
2026-07-09 05:30:00,1743.55,1762.36,1721.93,1745.16,173705.2572,1769.1728571428573,1681.8709999999999,1781.487,1725.3240749327451,1725.968647663392,-0.6445727306468143,-23.983107012447373,23.33853428180056,73.03335758079602,1681.8709999999999,1850.9842691608542,1512.7577308391456,72.83214285714287
2026-07-10 05:30:00,1745.17,1812.0,1737.68,1796.85,215605.8045,1774.6928571428573,1684.6595000000002,1774.7488,1736.3280634046305,1731.2191182068443,5.10894519778617,-18.164696570400665,23.273641768186835,75.62064025177912,1684.6595000000002,1859.62151975514,1509.6974802448603,72.23357142857142
2026-07-11 05:30:00,1796.85,1830.0,1786.58,1787.76,178703.4183,1775.7100000000003,1688.7005000000001,1769.1870000000001,1744.2406690346872,1735.4073316730041,8.833337361683107,-12.76508978398391,21.598427145667017,74.84715345096127,1688.7005000000001,1869.4663057410726,1507.9346942589277,71.895
2026-07-12 05:30:00,1787.76,1826.92,1779.46,1806.8,141072.9835,1778.7314285714285,1692.631,1762.9694,1753.8651814908892,1740.6956774750038,13.169504015885423,-7.578171024010045,20.74767503989547,76.25788273178587,1692.631,1880.2989083576213,1504.963091642379,72.39571428571428
2026-07-13 05:30:00,1806.8,1846.0,1750.2,1776.72,295031.6198,1775.4685714285713,1698.1105,1756.5067999999999,1757.3813074153677,1743.3641458101888,14.017161605178899,-3.259104498172256,17.276266103351155,68.76074744927206,1698.1105,1889.0150331516538,1507.2059668483462,73.01357142857144
2026-07-14 05:30:00,1776.71,1896.14,1773.41,1891.87,368913.772,1792.6714285714286,1711.5955000000001,1752.0840000000003,1778.0718755053113,1754.3645794538786,23.70729605143265,2.1341756117487254,21.573120439683926,81.34407337723425,1711.5955000000001,1917.4316374311813,1505.759362568819,77.19357142857143
2026-07-15 05:30:00,1891.87,1946.52,1864.38,1917.86,319800.9693,1817.5742857142857,1729.0965,1748.9658000000002,1799.5777408121864,1766.4753513461837,33.102389466002705,8.32781838259952,24.774571083403185,80.91084105402481,1729.0965,1942.8371931946406,1515.3558068053596,76.39357142857143
2026-07-16 05:30:00,1917.86,1929.48,1857.54,1864.71,271689.0863,1834.652857142857,1743.398,1745.7632,1809.5980883795423,1773.751991987207,35.84609639233531,13.83147398454668,22.014622407788632,67.8095568768717,1743.398,1952.9988178568804,1533.7971821431195,72.405
2026-07-17 05:30:00,1864.71,1871.08,1803.05,1841.93,253027.7556,1841.0928571428572,1756.795,1742.4038,1814.5722286288435,1778.8022148029695,35.770013825874,18.219181952812146,17.550831873061856,59.82721382289418,1756.795,1954.731343249301,1558.858656750699,71.47428571428573
2026-07-18 05:30:00,1841.94,1867.58,1837.58,1862.61,92597.9232,1851.7857142857142,1771.3274999999999,1739.3652000000002,1821.9626549936368,1785.0101988916385,36.95245610199822,21.96583678264936,14.986619319348861,59.661488413757326,1771.3274999999999,1954.232851868291,1588.4221481317088,69.07714285714285
2026-07-19 05:30:00,1862.61,1879.38,1851.71,1872.23,143922.6662,1861.1328571428571,1784.2855,1736.361,1829.6960926869233,1791.4709248996653,38.22516778725799,25.217702983571087,13.0074648036869,60.095144816006716,1784.2855,1956.3845716478845,1612.1864283521154,66.82428571428571
2026-07-20 05:30:00,1872.24,1918.16,1843.14,1904.77,271195.633,1879.4257142857143,1800.9235,1734.3162000000002,1841.245924581243,1799.8634489811716,41.3824756000713,28.45065750687113,12.931818093200171,61.75662085149181,1800.9235,1949.3220357104697,1652.5249642895305,64.72214285714286
2026-07-21 05:30:00,1904.77,1953.0,1900.74,1930.09,326965.6779,1884.8857142857141,1816.949,1732.7834,1854.914243876436,1809.5098601677516,45.40438370868446,31.8414027472338,13.562980961450663,67.83834840102551,1816.949,1946.352825193447,1687.5451748065532,64.48428571428569
2026-07-22 05:30:00,1930.09,1956.45,1910.68,1934.25,251140.8253,1887.2271428571428,1828.6330000000003,1734.2716,1867.1197448185228,1818.749870525696,48.36987429282681,35.14709705635241,13.2227772364744,72.65448670737216,1828.6330000000003,1955.9746855879519,1701.2913144120487,62.642142857142844
2026-07-23 05:30:00,1934.26,1941.5,1869.44,1878.38,219789.0733,1889.18,1834.6415000000002,1735.5781999999997,1868.8520917695193,1823.1669171534222,45.68517461609713,37.25471256830135,8.430462047795778,64.0184358952774,1834.6415000000002,1959.3043057093546,1709.9786942906458,64.90142857142857
2026-07-24 05:30:00,1878.38,1909.8,1848.09,1861.44,200795.4361,1891.967142857143,1838.6815000000001,1737.3916,1867.7117699588239,1826.0019603272428,41.70980963158104,38.14573198095729,3.5640776506237515,57.33293976067758,1838.6815000000001,1961.194173849052,1716.1688261509482,64.00071428571428
2026-07-25 05:30:00,1861.44,1877.07,1851.22,1874.89,88434.488,1893.7214285714285,1843.1435000000001,1743.2214,1868.8161130420817,1829.623296599299,39.192816442782714,38.35514887332238,0.8376675694603364,59.79495019897927,1843.1435000000001,1964.0131244587624,1722.2738755412379,62.74571428571427
2026-07-26 05:30:00,1874.88,1967.36,1873.85,1954.72,153233.6949,1905.5057142857142,1850.9015000000004,1750.9219999999998,1882.0320956509922,1838.889719073425,43.14237657756712,39.31259441417133,3.829782163395791,64.62932194002693,1850.9015000000004,1979.6534252015997,1722.149574798401,66.03499999999998
2026-07-27 05:30:00,1954.72,1981.24,1936.51,1965.49,129487.7176,1914.1800000000003,1860.6035,1756.4216000000001,1894.8717732431473,1848.267517660579,46.604255582568385,40.77092664785074,5.833328934717642,69.41079691516711,1860.6035,1993.3291244285956,1727.8778755714043,62.38714285714285
